ID,Label
T3259,1
E3129,7
W0639,1
H8189,9
Z9069,9
W0549,8
Y3138,8
O9803,7
O2470,2
D1329,8
L2485,8
G1645,7
M2784,9
W4077,6
X3685,9
A6560,2
Q3773,8
I4775,8
R9069,8
Z7702,8
C7919,9
C0318,9
G5169,9
A7694,1
Z1938,2
Y7436,9
N6321,1
U9082,8
R0409,7
Y5625,7
V3859,9
Z3805,2
T8613,8
T3593,1
F3675,8
O2529,2
J6092,2
T7690,2
R4643,8
P7759,8
S3417,9
Z4687,8
Z6279,2
T4748,1
I1697,8
M0360,8
T7145,7
N4812,9
D9222,1
R0088,8
W1925,7
Q8513,8
X5729,4
B7849,8
Y1304,7
I2370,9
A3044,9
Q5343,9
R0412,1
M7668,8
H4766,1
Z8410,9
P4669,9
Z7108,8
F9824,1
E4489,4
G3467,2
U3066,7
M8542,7
N9912,9
N3255,8
A5100,8
L4820,9
A2674,8
A6238,2
I0118,8
X7973,9
D5563,7
B4155,2
H2745,7
U8872,7
Z3166,8
Y6946,7
G7778,8
P7957,2
P3281,8
A5302,8
L1813,8
K8023,7
E7538,1
J7644,8
M9591,9
J0241,9
T9590,1
Q6494,8
U9531,7
L8654,2
F0909,1
T8974,1
Y8193,7
Z6045,8
J5529,1
N1934,7
X3246,6
J9799,8
M1494,8
U6030,1
H2970,7
G4309,9
S7563,8
K0540,2
D2632,7
M6790,7
V4829,1
S2412,8
Q2299,8
A0340,9
B7331,8
T0092,8
E0598,2
I0895,9
J4809,8
W8711,9
Z9835,9
D2674,8
O1448,9
L9432,8
Z1410,8
Q5390,7
M5353,1
G0362,9
B1177,8
B1607,8
G1636,8
T3221,2
F1921,2
R0296,8
N1307,7
Y8792,1
O1576,8
V7589,8
I3243,7
O7688,9
S0413,8
H3697,1
M0352,1
Y7251,2
H7350,1
G8006,1
G6202,9
T3998,8
R8721,8
Q2528,7
G4817,8
V8250,9
K2969,9
B9202,7
L2491,8
I0952,9
V7618,1
X5119,1
Y0838,7
V9927,2
J9132,8
Z8488,8
W6642,8
T8383,1
V6662,1
J6663,9
N4312,8
G5471,8
F8072,7
C2259,9
L6078,9
R4212,8
A4505,2
E7335,7
Z2309,9
W9847,9
A8067,7
U8025,9
M3178,9
V9968,7
H6987,7
Q6371,2
W7639,9
W8935,8
V6987,2
Z1135,8
P9837,8
Z0061,8
K8814,8
D2890,9
A1061,8
P4720,4
X4571,9
K6534,7
S8939,8
V6861,8
H5016,1
O2911,7
X4614,8
A3186,8
H2948,8
N3625,9
Y7054,9
X6946,9
J9198,9
R8337,7
C2381,8
N9855,4
Y8803,2
W7158,9
E4380,9
V7981,7
Y4102,9
W3786,9
E2299,2
T5393,8
A1691,9
Y2267,1
J8546,7
D9230,8
V5430,1
Y7530,7
X2789,9
T3704,9
D6502,9
E6422,9
H0777,9
S2423,8
V0107,8
W8844,8
Q3442,9
N5131,2
T1734,9
O2302,1
R9072,8
C9851,9
W2348,8
H9160,9
J1560,9
O6681,8
P6551,9
V5697,1
P0960,1
D3930,9
T0326,8
S5025,9
F4727,2
U0176,9
N8410,9
P3479,2
Y1591,9
V0187,8
C7477,7
F1249,9
K1645,2
Y0055,8
R9401,9
G2236,2
Y6249,7
E6165,9
Z5785,8
X4126,9
M1740,1
G5791,8
D5306,7
F9975,9
F4124,1
U5599,2
H8775,8
E4578,4
R1110,7
I7561,7
Y3334,2
H8531,7
U6920,1
O2669,9
Y8227,8
O5163,8
X9286,8
N1074,9
N4426,7
D5850,9
H4931,8
K0741,9
I9647,8
J1089,7
Z7794,2
P6694,9
R2471,6
Y0536,9
Q6934,2
L0325,7
N6775,8
N5201,2
U3406,1
J4549,1
E3423,8
A4809,1
E8374,1
D0467,2
P0889,9
P1674,8
A4315,9
V0462,9
S7078,9
B5234,7
O0588,9
Z6079,7
T1864,8
S7411,7
U5172,9
R1715,8
N4640,2
I8649,2
M7701,8
O2589,9
R4830,9
H3706,9
U2551,1
U1274,2
W0596,8
Y3222,7
Z4519,8
X5758,9
Q9483,7
Z9031,1
Q7531,8
E1755,1
K9837,9
F0273,1
T7040,1
M5015,8
E6253,2
X0150,2
M4817,9
D4713,9
P6128,9
G7827,9
R6249,2
H4310,2
B7373,1
U9284,9
D6226,1
N6464,8
O8759,2
M2091,7
H0423,9
I3263,9
V9777,8
J4509,8
W4455,1
M3267,8
X6004,8
V6038,1
A8842,2
M0981,7
A0141,8
D8211,9
N3767,9
A7308,7
N6870,8
E0285,7
Z0944,7
P7148,1
T9754,1
X6061,2
G9215,8
Y1117,8
D5712,8
N7032,8
X4145,1
O2519,8
Z4084,8
U8714,1
F5422,2
L6386,9
P7098,1
K1982,2
Q3243,2
Q8764,8
I0912,9
D7371,1
R6460,9
U6993,2
H1041,8
H5735,1
I3500,2
S0330,9
S6264,2
E3881,9
I5211,7
I8322,8
A6555,8
L4579,9
U1187,8
K7886,1
C0426,8
D8948,9
O0963,9
E0422,9
H4331,8
V4689,1
K6244,1
X1504,9
R7687,1
X1802,4
E1336,1
W9200,9
T6731,7
X0169,7
E4487,7
Z5650,7
X4261,8
M1520,8
Y0274,9
R0402,8
X7551,9
T0146,9
E2164,1
F9119,2
K2332,9
X7480,7
G1578,2
P9730,7
N3935,8
Y9213,9
R9904,9
P6679,8
S7936,7
W0037,8
I3075,6
X5892,2
G6902,9
W2138,8
A5800,8
Q9233,1
L0490,8
Y9093,1
M6818,9
G7197,7
K9744,1
K7150,8
S2235,9
H1100,7
U3144,7
E6731,8
G7746,1
M3610,2
S4028,9
K7043,8
F5759,7
X1087,1
F3255,8
J8712,8
K1371,1
S3414,8
P0358,8
R9810,9
X3702,8
Y7139,9
D1788,9
S9988,9
N2013,9
K0321,8
B7940,1
U9634,8
V0459,2
L4022,9
S8962,8
H3415,9
G5047,8
A1054,1
W1977,8
R3272,8
Y3018,8
G4459,1
B6688,8
Y1018,9
P8433,8
Z9037,9
F2319,7
L1509,8
A6630,6
V7272,9
I6085,8
A9811,8
P2979,8
P7517,9
I4373,9
V5023,7
Y6237,8
E2679,1
E3297,9
W4835,9
A2208,9
S7985,2
U1504,8
Y0599,8
W3896,8
K1228,1
E4988,9
V3474,1
B2658,9
I4354,8
D8021,7
A2406,2
X9236,7
Q1217,2
B8352,7
S4517,6
S1403,7
F5761,9
B8993,1
R2812,1
V6829,9
J1596,2
O6146,8
Z6268,6
U5457,1
F1600,9
Z3281,9
M5336,7
B7305,9
O5224,9
L8574,8
Z3686,8
C1454,1
B1058,8
U8287,1
V6217,1
S9180,7
R0090,8
K8974,1
Q1648,8
D8738,8
U2305,9
I3283,6
E8081,8
U4485,9
S5101,8
M2827,8
W3822,2
K4791,8
J3451,8
T5579,2
L5702,8
H0139,1
Z0486,8
W6870,9
H5194,2
X6588,2
K1279,8
D7620,1
F6536,2
D5180,8
Y2050,9
Y2853,2
I3604,9
B7098,7
Y7195,8
L5958,9
H3343,9
L2026,9
B6979,2
W0267,7
U1748,9
E7688,8
P6257,9
Y8192,8
F4076,7
E7949,1
I9029,7
J4851,1
P1872,9
L4832,8
D1016,9
I7049,9
B9201,8
U7434,8
B2516,1
K4717,8
O1834,1
P9798,2
A0708,9
A7208,9
Z0925,7
S2204,1
I7107,7
G5207,8
R1294,9
T4871,9
G5525,7
V4015,9
X0069,8
S2331,8
M0273,1
C6842,8
G6027,8
B7310,1
Q3867,9
U7066,7
M3960,8
F5554,9
B7045,8
H8143,7
E0344,7
Z7122,1
T3238,9
F9397,9
K6460,2
Y9466,8
W1148,1
C4610,1
K3888,9
A4715,1
U2359,7
N0011,9
W6068,7
G0178,8
L5251,8
C1884,2
N6093,8
Y2774,8
C5430,2
K5953,8
I8335,4
Y5998,8
D4238,1
E6410,8
P5644,9
S0949,7
O4789,9
R0976,9
E6687,9
Y2733,9
Y7714,7
V7587,1
E0990,8
I3248,7
L8594,9
G8619,8
T3787,8
P8116,9
F6073,2
C7119,8
G4743,7
X8829,9
Z8795,9
W8606,8
Q7378,1
Z4660,7
R3188,7
O0239,9
F4763,1
W2021,8
S3724,9
T2930,1
K3283,8
A0614,1
Y4578,1
Z8695,1
D8996,2
I7439,1
X1109,1
D4610,1
J2207,8
J9094,9
V7259,8
R1940,7
S0926,1
M2630,9
J6668,1
N7482,8
S3194,1
Y7528,8
A9298,1
B3809,1
R5032,1
Q5759,8
S6768,9
B0003,1
I5264,4
D2664,8
X8003,2
F8829,8
T4436,8
Z9147,7
Z4575,9
W1132,9
M7667,1
T7737,6
N8170,7
U7328,9
X4878,1
A6287,9
X7473,8
C4846,1
I5940,9
X3103,9
V6597,7
J5268,8
Z1190,1
R3393,8
F1504,8
J2405,1
P1071,1
L7819,9
V9836,9
L8708,9
R2773,1
H6398,2
E7497,1
V6847,1
C8018,9
N7937,9
X5952,1
I7645,8
N9179,6
A5279,7
B7890,7
F7233,8
I8567,7
I7689,7
Q5922,9
I7260,1
L1888,9
H1061,9
H8866,1
U1412,8
F5355,7
L1408,1
J2999,1
S9541,2
J8433,1
R8714,8
W1279,8
J3974,8
A2418,9
G4118,9
Q4462,8
R2216,8
V7623,1
Q3500,8
G0305,9
R5647,8
W4171,9
W3908,8
H3702,9
B4777,7
Q6612,7
E3498,4
C1718,1
M7161,2
G3362,8
K8677,7
E8511,1
P4911,8
O5247,2
G6175,9
X9299,8
F0452,9
A3785,8
D7437,2
O7140,2
V5107,9
V2278,2
B5095,8
J3991,7
J6526,7
N1464,7
T1606,1
G7723,9
W3072,8
Q6044,8
P7819,1
N4846,8
S1992,1
E4825,9
C8601,2
S4176,8
O0198,1
S3196,1
T9657,9
T5759,8
R3710,8
G7361,1
A3563,2
F5781,1
R9479,8
J0384,2
N3492,9
N4206,2
L7754,8
N1525,1
I5802,8
O1167,8
K8158,9
E3618,9
I0940,8
X7386,8
T5322,8
W7798,7
P8757,9
Q4094,9
Y4729,8
W0321,1
O8462,8
Q9486,9
V0979,7
S3573,8
X7985,7
E5280,6
T5262,8
L7259,8
P5082,7
S3933,2
Y7544,9
L1035,8
L7296,7
Y2578,9
V8470,1
G3663,9
N9309,6
G1343,7
W2040,9
N9456,8
J0729,8
H8402,9
Q0362,1
K2599,8
C5554,8
J1641,2
U1660,6
F3618,8
F5387,1
S9990,4
Z9260,8
F1878,7
Z5973,7
H6765,7
Z0936,1
I7880,7
M1283,8
G1528,9
N6658,7
U0346,9
F0634,8
S7006,8
H2056,9
O6957,8
C6950,8
J6077,9
W4615,8
P0047,2
O1302,9
T0060,8
X3776,8
K3238,9
Z6975,7
Q0842,9
R9490,8
N9742,9
Y9817,9
D3975,8
O0200,1
T2272,9
L6200,9
F1788,8
K2605,8
L9586,1
R9583,9
U9589,9
B6582,7
K1498,9
Y9083,7
H2984,2
Q6228,1
E9858,9
G8314,1
S8704,2
C2766,9
K9225,1
S3468,7
G7002,9
W6312,8
V3941,8
P8090,8
P0863,9
X1691,2
D5924,2
D8305,8
Z2914,9
C2113,9
Q6975,7
Z9483,8
L0941,8
M7083,1
R9948,7
I2859,1
H0960,7
Y7448,1
D7714,1
G1474,8
V0705,8
A6806,8
N8800,8
N1368,1
F7728,9
I2506,2
H9398,1
P8421,2
E3804,2
X5195,9
O4607,8
V1279,2
S4450,1
D2085,8
N9652,8
O2557,1
V8136,1
B7139,8
Y1687,8
O6582,8
C9666,9
G1067,1
S2638,8
W9712,1
A3517,8
A6358,9
C0351,9
G6455,8
S3673,8
B0234,9
H8397,7
I9689,1
W7570,1
G8920,9
Y8719,8
J0339,1
Z6640,9
Q1076,8
R0360,8
U1757,2
B6385,2
K2365,8
Q3490,8
C8663,1
C0441,7
W6899,1
M3012,1
Y1356,9
Z0378,1
B2235,7
R4913,1
R3084,2
L0048,2
E4128,2
H2789,1
L4198,9
O7728,1
I6787,6
D2356,9
B9914,6
T7389,7
W0048,2
P1156,8
P0690,9
X1497,7
S7790,9
Z1550,1
G6768,8
M0803,2
D1850,9
K7751,9
D9668,9
O5207,9
P6832,9
Y3720,9
M3377,9
M4320,8
R4946,8
G8138,8
Y1123,8
B8346,8
Z9922,8
O6234,8
V6482,9
E9764,9
A3161,2
E1775,1
A6123,1
Z9695,8
Y9892,8
E0185,8
K1552,9
G3552,1
Y6243,6
L0199,2
D8987,9
I6532,1
P0220,1
P8205,8
A5321,1
L4042,1
Y7624,1
B0538,4
W8127,8
M7516,7
K5474,7
A1072,2
L8090,1
L4321,1
U9910,8
L8672,8
V6885,2
Z9281,9
F6581,7
Q9056,9
E6686,4
Z4965,1
M2670,2
V5632,9
V7361,2
B5341,1
E0596,2
K5781,8
D8750,8
M1277,8
V3734,1
Z8025,9
L9144,1
W2829,7
Y7700,9
T2897,9
G6208,2
J1943,8
T1958,8
M6079,7
G5279,7
K9640,7
F9422,8
V7828,1
H0231,1
V5435,7
V2749,9
X4970,1
M9237,2
B6533,9
L1570,4
H1869,8
L3354,9
M1697,1
K2402,2
G6918,7
V0300,7
I1348,1
Q6716,8
V3204,8
C2184,2
C8273,7
E3025,8
K9146,8
U9163,9
B1533,8
M7476,7
Y0885,2
C8237,2
U9824,2
X5920,7
P9554,9
T3469,8
W4371,9
W0364,9
L3876,9
H8043,1
B2547,8
N6989,7
Q8881,9
A7136,9
Q5469,8
X8940,6
V2254,8
L8750,2
V1466,8
A1132,7
A6250,2
F9529,7
B4701,2
W0032,1
E7609,1
G2265,1
T1729,1
P8138,8
T8926,9
U8454,8
J5374,7
X3570,2
V6024,7
S5267,8
R9838,1
A4997,7
B2339,8
B2781,9
N2910,1
G6387,8
K2103,8
E8750,9
G7196,8
B8008,2
Q3905,9
W8896,2
W9148,1
E9385,8
M9208,8
Y1854,2
Z8655,6
Q2428,8
T2927,2
A1879,7
T4993,9
I6033,9
X7381,1
P9936,1
D9129,2
S3907,8
K8857,8
H1776,9
I6604,8
J4091,7
E9322,8
P0866,8
M5427,7
G3081,2
Y9943,2
A6784,2
Q0427,9
Z1489,8
X8790,8
O7986,8
T6441,4
V1189,2
H3223,8
B4143,7
F8943,1
R1043,8
L6089,7
P9211,9
T5017,1
J4165,6
Z9040,8
E4570,2
Y8375,9
J2941,9
B9839,9
L5502,1
M1533,9
O5592,2
V0301,8
I0030,8
U9895,8
W5264,2
B1737,1
U0771,8
T5310,8
X9346,1
L2363,9
P1261,8
M9434,6
V3634,8
D1853,8
E2501,2
P9317,8
X0839,9
G5418,8
P1677,9
Y0485,9
S9855,7
G5808,9
G6660,9
D6670,8
T5368,7
K1190,8
E9171,9
D1696,8
X5983,9
I2551,8
A1071,8
Q3878,2
E5369,9
N9792,9
P3304,2
L1567,9
H4339,8
Z0700,7
G8781,7
D3564,8
J4522,1
Q0573,8
M1021,7
E2069,7
R1130,1
B1603,8
J2640,9
V1361,8
V4292,2
B0987,6
G8215,1
O1815,2
P3558,7
P8827,1
G0660,7
E5216,8
L6187,8
J2311,1
E2505,2
C4813,1
Y8559,9
D7949,8
T2495,2
A0153,9
M2540,8
W2921,2
R6827,8
V0741,4
Z5438,7
C4509,9
R8927,1
S0567,9
J6666,8
V6993,1
X4874,1
Y2822,7
I7415,8
R7369,8
K9048,9
I1675,1
G2033,9
G3429,8
T7041,8
Z8654,7
X0559,9
B5355,9
M1179,8
J7715,8
N6199,7
F8135,9
T2388,1
L5554,7
U1967,9
C3133,8
E5624,2
V8330,6
Q3130,1
K6742,9
F4783,2
P8243,8
A5430,4
L6549,7
T7393,7
K7155,2
F9518,2
N0769,9
M8373,6
V9744,7
L8273,9
L3718,2
H5895,9
K2397,7
W6723,8
P5540,8
T1493,9
Z2980,9
F9200,7
J9517,2
P2163,7
X6679,4
J3122,7
O3515,1
Z6023,8
N3009,7
X6298,1
Y5053,8
B5413,8
H3470,1
N8976,2
A3189,1
X6944,9
F8603,8
G7949,8
T6665,8
N3152,1
S6277,8
A6796,2
Z8504,6
A3132,7
P4977,9
F5947,7
L7840,8
V0249,9
A1164,2
K1900,9
O1966,8
S0999,8
R5924,7
N1558,2
Z9456,8
J0597,9
B9624,8
S0335,9
Y3312,7
J9578,2
W3545,1
I4523,9
J7686,7
Y7196,9
J8132,8
J5555,8
M5277,8
D7728,9
T3535,2
W6238,2
G5455,1
R2543,1
T8706,8
A4490,9
G6007,7
S6841,7
R8388,9
P2949,8
W4134,1
C7151,9
E9926,2
V8925,9
X7711,9
M8065,7
P4240,9
B3331,9
H3391,2
L8387,1
Y2420,8
O3070,8
R5845,8
A9328,9
X0456,6
F1794,8
I7057,9
N4500,9
R9386,8
U1851,2
C3018,2
U6455,4
B3826,1
Y0502,7
A1452,8
Q2057,9
Z5689,8
C5192,4
G0142,1
U1401,9
R9849,8
D4350,9
Y3639,7
S7751,1
B8608,8
P0196,9
I6495,1
D8081,7
D9868,8
T1904,9
M5482,7
U2466,8
D9781,8
X9029,2
U9345,1
O3560,7
I4703,8
A1899,7
H1970,1
T2146,9
K7361,2
M7750,8
F2466,7
X3555,8
F9084,2
E8953,8
I2352,1
E7113,8
L2777,2
G1552,8
R0731,8
I5747,2
H4662,8
P2007,9
Y0906,9
H0833,9
J2175,7
X9851,2
T6373,9
C6930,9
W2256,1
T8849,1
G4404,9
G8777,2
Z3392,2
W6878,8
P4466,9
O4567,9
J1068,2
S0543,8
T2831,1
E0981,8
G4824,2
D8338,7
I8740,2
V9954,2
S7105,1
Y4156,1
F8986,1
Z9905,8
T7723,7
G0542,9
D7142,2
P0011,2
J3178,1
M4289,9
I8045,9
E7389,7
Y7454,7
H9979,8
G8375,9
S0592,2
W1370,8
H4651,8
H5587,9
V8832,2
X4038,9
P6871,9
M1119,2
H9581,9
V2610,9
P7563,8
Y1057,8
Y8652,7
Y4330,1
Z0308,8
R6924,4
Z9559,2
L9060,7
D5352,2
F1330,6
V8269,8
D7977,8
T9043,4
O5046,9
T1023,9
A1296,1
D5635,9
T5296,8
D0488,8
C5224,7
U4971,9
M9578,1
Z4142,9
F9572,8
R1297,7
O3103,2
R0618,9
S4984,6
F4033,9
O3329,8
B3807,9
I7248,7
K9016,8
O7815,7
L1484,9
O2783,7
H9969,6
G9725,9
Z7533,7
L4078,7
U5745,8
P4198,9
M8749,8
L9867,9
L2465,1
F3363,2
E8631,8
I1691,6
T9735,7
Z4545,1
M2643,9
H7771,9
N5209,8
Q6693,4
B4064,9
P6344,8
C4064,9
F5066,8
L5239,7
T3660,7
I0323,7
S5383,9
M2377,9
E7207,6
G6560,9
C5300,9
S4334,2
Z1044,1
V4821,7
O1721,9
D4704,1
V9223,1
P7971,2
O7234,9
C8065,8
G9916,9
E4479,8
V1511,1
H4245,9
R1081,1
S2739,2
C2447,9
Z5901,9
W9484,8
W3920,2
P7418,8
K6279,7
Z6984,9
D8492,1
Z8133,8
S0752,9
T0213,8
T7603,8
G8606,1
M6459,8
E8780,8
N3231,9
U9204,8
S4305,8
I9741,9
R5415,7
O6112,8
C0536,9
E9358,7
T4370,9
Q3991,1
U3608,8
I2063,7
D6787,9
E7978,8
E3406,2
L1412,8
E7813,1
Y0352,9
U4869,8
O9857,9
G1393,9
W8914,9
J7400,7
Q2017,1
G9541,9
L6165,1
F6529,8
J6981,9
V1302,7
P6285,1
E0029,9
Q2654,1
W7595,8
Z0995,1
G5921,8
H7495,9
M3332,8
I2924,9
F4561,9
S2145,8
K6828,7
C3726,1
E6625,8
W7271,8
L7892,8
Z5567,2
D0599,2
W7710,8
B4988,8
R5042,8
V2743,7
J9455,1
V6123,9
I5629,2
A1104,8
E2487,9
Z0369,8
S3105,8
M6552,1
H6088,9
I9446,7
Z2475,1
B6975,8
G7818,7
O4723,8
I3539,8
N5022,8
V7758,9
Y0235,8
J0011,1
I6244,7
T5748,8
C7772,7
D3200,8
I3027,2
O0195,8
M7498,8
T8918,2
N4693,1
D7377,8
Y0659,9
C3487,8
D6997,8
U8861,9
I6066,7
T8328,7
V3742,8
K1717,1
A0310,9
D7578,9
E3143,1
I3966,8
H5140,1
W0347,8
P0613,8
P6783,1
Q2923,2
R0050,9
D9920,8
C3927,2
O2179,2
G6899,1
R6158,1
E4198,2
O3190,1
P4278,1
Q6852,9
C4237,9
J4366,9
D4189,2
R5211,2
B3844,8
V3831,1
C9196,7
Q5413,9
X3200,8
C7346,8
C8883,9
S6219,8
W0407,8
V1145,8
U2975,9
T3830,2
T0785,9
T8218,9
D4411,7
T3588,9
J0503,9
W4188,9
D9979,7
L5045,2
X4604,9
Y9026,8
T6762,8
Q0174,8
R6327,9
M7509,2
J6060,7
O4391,8
D5940,2
N1952,1
H8628,1
T9488,8
J8029,7
G1694,8
S3372,2
L4496,1
O0855,2
T3285,8
E7814,9
A9742,8
K3155,2
V9166,2
B1067,8
A7320,9
K2378,9
Q8780,2
W6295,6
H9325,7
X6950,7
L8520,1
T9635,8
K7136,8
T3826,7
T0121,9
A4090,9
B1159,1
J1871,7
T1289,8
J4748,2
R7954,8
K5364,1
C0569,8
M0248,2
M9812,8
K1086,9
Q2223,8
I1806,9
L6852,9
J0177,9
S1335,9
A7764,8
Q9115,9
P7020,1
D9720,6
Q9820,1
J9346,8
Y0989,8
Y6683,8
L3308,9
Z8842,9
P7621,7
A8224,1
X9138,7
X7019,8
Y2114,8
X8915,8
L6672,8
H4512,6
V8840,8
A4347,7
M0365,8
D2908,8
R9464,9
O8767,1
E5986,8
K3761,8
L5673,2
G2408,7
N7881,8
B7668,7
C8522,8
G3227,2
K1476,1
Y9841,9
E6119,8
Y9740,8
T3181,8
S7333,9
I9646,8
T1005,2
Q8585,8
T5751,2
V7700,9
D3770,8
W1009,2
S2908,8
X6470,7
Z3835,9
W8160,7
C0486,8
E9337,7
V0177,8
G7605,9
B3472,9
C5556,1
M2449,8
C9297,7
U3871,6
M4431,8
U2491,9
L8911,1
C0706,1
R6502,7
C9596,9
B3811,7
V8666,2
O9937,7
S6336,7
G6728,8
B2261,1
H3840,9
K9709,7
H3175,8
J5604,1
Y7872,6
E3205,9
R3399,7
T5778,2
S3739,9
R9729,2
E7247,7
C3802,1
S2234,9
I5789,4
F2071,7
R6507,7
N7914,6
L6512,7
K6042,7
S3140,1
S7716,9
I2683,8
N8107,2
B8018,8
P3377,8
P6064,1
Z0605,7
Q3989,7
L4393,9
F0650,8
A9987,9
P3063,8
Z3649,8
H7937,2
P2309,8
B9001,8
I9941,8
X7212,8
F6747,9
S0443,7
Y4837,8
I8492,2
D6491,8
N5184,9
C6017,7
N9572,1
B4657,9
O1598,1
T7630,2
S1615,8
C9664,9
C1284,8
F2695,1
P0682,7
Y9245,1
G0910,1
S5007,8
C5283,8
Q8637,9
R9547,9
N9013,8
F4371,2
N2257,8
C8166,8
K0642,7
L9369,8
S5920,6
A9989,9
I9391,9
K6241,2
Z4686,9
V8862,7
A8917,8
P4728,1
Z5105,9
E5710,2
X1065,8
D4062,2
Y9949,1
P9902,1
T9143,9
F8437,8
Z0212,9
D9752,2
G9540,1
M9862,2
Q7690,2
J4392,7
F6826,8
I5023,9
J1207,1
U1969,1
U7801,8
N9780,1
L4253,6
R1376,9
L5253,7
E3738,4
E2928,8
Q9747,9
G2414,4
P0269,8
I2500,8
A2703,8
M4241,7
U4592,1
F5515,9
X7395,7
N8966,1
U8777,8
F1503,6
K2954,9
K2097,9
E0082,2
Y6347,1
L9302,8
Q3752,9
E7906,8
M1588,8
N7303,8
A7318,2
K3230,8
T5608,1
P0631,8
E5326,9
L2227,2
B7211,1
H4709,9
X4127,8
P1816,9
I7379,1
Z0396,8
Z3268,8
A6385,8
P3515,9
U2499,1
X7807,9
Q0520,1
Z8335,1
T7359,7
Y3219,9
I6786,2
H7352,9
N3083,2
Y9764,1
I4796,1
Z3563,2
U5265,9
G5402,2
Y9513,9
W6164,9
K4456,8
B3404,8
F3666,7
Y6864,8
R7575,2
E9299,8
O6837,9
Q9022,7
M2948,7
M3425,8
I7753,8
O6326,7
M9604,1
R2749,2
P4170,9
P0037,2
D8648,1
C6469,9
P4820,2
F7551,9
N0041,7
M9942,9
D0868,7
Z8739,7
A5680,7
N6916,1
K3466,1
J0322,1
H6518,8
G1003,8
Z7626,1
O6647,9
K9653,8
E7656,1
F1653,1
J8285,7
D0534,1
C6120,7
S4426,2
E4974,8
G7919,1
C5773,7
S2597,8
A8727,1
H0221,7
L1898,8
O0692,9
W1189,9
Z3400,9
M5780,8
Z7601,7
O8602,9
C3998,2
W0129,1
N7021,8
P1017,2
H7573,7
L6371,1
V1478,8
V6004,1
R2813,7
Z0439,1
D3254,2
V3450,2
W5781,8
X4518,1
L3940,8
L9955,2
U3675,8
K5356,7
O0902,8
X1705,9
D2907,8
T4772,1
J6744,9
C2422,1
O8291,1
J1166,8
Q1303,2
V9299,9
E8950,8
Q1344,7
X7243,2
H2535,8
R6376,4
O5098,2
N0893,9
Z0090,1
N8578,7
Q2417,9
M2640,8
E5928,1
E5365,9
X6010,1
B0436,6
Y0559,9
O3248,9
C1397,6
D4965,8
B9488,7
V8922,1
A4415,7
Z9537,8
H4901,8
X3873,7
X8454,9
L2399,9
J4856,4
A1539,2
V7084,2
Z6792,9
U7117,7
B5063,7
S1840,7
X9682,6
W8870,7
H8627,8
L8298,9
X2004,2
T6369,8
A3597,9
N2373,7
Q4344,9
L0165,6
A0077,2
X2851,8
K0791,1
H9374,1
W3087,6
A3674,8
Y7048,8
A0617,6
K0979,7
F9569,1
Q0589,9
J0323,7
Q5522,9
T0846,1
B8668,8
V5420,6
U0590,9
A5253,7
I3962,1
J3438,1
O8325,1
V8100,9
N4691,7
Y2877,2
Q8166,7
K3407,2
O6449,6
I5146,9
N1087,8
I4965,2
B8625,1
V0245,9
T3190,7
C8633,8
W1427,2
N2728,7
J7632,7
X4316,8
X2285,9
Y5109,8
Q2283,8
V1084,8
N6082,4
V0376,2
Z1025,2
D0915,7
P5544,2
Z1640,9
R6187,2
T1626,1
E3791,8
E9329,1
O3437,8
D4680,2
A7509,2
O3482,1
J6707,8
N5775,9
K4176,7
C9545,9
C8512,7
E2607,1
C5761,1
N9250,9
R9225,7
B3135,9
I0997,9
J1340,8
A1175,9
P8350,1
K0710,8
R6645,9
K4941,8
B9590,7
N1008,8
A8605,8
D2289,1
Z0153,7
N8723,8
L5987,2
P0253,1
M1700,8
F8158,7
N7828,8
O4149,8
C1605,8
L5587,8
G5483,2
E4665,8
J3873,2
G5782,8
W2801,6
A4085,9
C0943,9
O9675,8
X4374,9
H5578,2
B7766,2
O9094,7
E3183,2
U4504,8
H5813,2
V3051,7
F4249,9
F9195,9
J0005,9
I4463,8
U5109,9
B8210,1
U6223,8
Y9492,1
C9975,9
Q2014,9
Q7257,8
V6466,2
Z8261,9
D0911,9
S2364,1
B8438,7
M1729,8
D1345,9
M4098,4
H0168,1
D7298,7
V5703,1
E6087,1
V4713,9
I7916,8
Y9570,8
M8314,4
S0252,2
Z2078,2
E2534,9
J7547,9
I9357,8
Q9399,9
C7406,8
J8493,8
H9426,1
Z7010,2
L5415,8
Y2635,8
O1861,2
Y4147,9
G5029,9
T2287,2
T4223,7
T2036,1
U0700,7
O8592,8
X5799,1
C9597,9
Z2402,1
H0286,9
C8829,1
L2046,9
C9243,2
H3058,2
T6431,2
M2260,1
M2386,9
J4772,8
Y4053,8
O9111,1
J8836,1
Z3987,8
D0390,7
U0500,8
J3248,7
X5277,9
Y8124,1
Z2889,8
Q8786,9
S3997,8
C3183,7
E3976,9
F0379,2
H9368,9
N6319,7
N2180,7
L9429,7
N0442,8
G8630,9
U5790,1
X2017,2
I2706,2
N6405,8
Y9546,7
U0739,7
I3964,8
N9377,9
L9102,1
Y6401,7
X8466,8
S1858,8
T5557,1
Q7357,8
O0524,2
L2559,8
P8681,2
R0392,8
H3092,8
B7930,8
M8121,1
G4603,1
G3826,1
B0714,9
C7864,8
V0157,8
A4450,1
N9095,7
C6046,1
O0128,9
O0240,2
P3759,9
W9529,8
W8913,8
O0650,9
K3508,9
R6347,1
N3299,8
B8280,8
G7120,2
W9590,7
S8597,2
G0816,1
U4444,7
L0794,8
W6467,1
P8521,1
T7418,8
R1767,1
E7836,8
X4252,6
M2062,1
D9455,2
G7721,7
W6064,8
X8285,8
T0515,7
U7800,2
E0618,8
U8134,2
P8006,8
S4459,8
I6591,7
K3304,1
T7288,7
P7824,6
L4345,7
O5828,4
N2491,9
O3271,2
A2843,6
S0970,8
L9511,9
W9362,1
K2467,1
P0145,8
D3397,2
U0981,2
I7393,1
E7168,9
V2264,2
O6720,4
H6938,2
I3617,9
T6397,1
R3696,8
W8742,1
U2242,7
M1481,7
Y9341,8
Y0621,2
V5387,8
R1115,9
W1933,8
D1176,8
Q9412,2
M5030,6
F4687,9
Z5060,9
J5480,1
Y4657,8
H6855,2
F2434,9
U6807,8
F3588,9
P9889,8
F0726,1
I9804,8
B3598,8
M2905,2
I0802,2
I0846,2
O0254,7
L8386,1
S3919,2
Y1664,9
E6227,7
A1017,7
Z9958,8
X1531,9
L0364,8
D4592,8
K2656,1
H6375,9
I0845,8
N8103,9
W8188,1
B0874,8
X9541,9
K2297,8
H2250,7
P9108,9
A5587,7
B2442,8
N6459,1
Q9033,7
A0240,7
Q0960,9
D5329,1
T0881,8
V8315,1
A9946,1
C6034,2
Z3930,7
G3832,7
H2608,8
B5024,9
B4183,8
Z8378,8
B5017,8
D0149,1
C3249,8
Y5437,1
G7615,8
G6083,2
O7572,4
E0148,8
G7877,8
Y9598,8
O4141,1
F2116,6
M6322,8
M9573,8
A7507,9
A5379,1
V0961,9
V3681,9
X9570,8
G3242,7
T1323,8
B1775,2
O7362,6
S4677,9
C5953,8
L0953,6
S1841,7
E3636,7
M5609,8
D4803,6
Q6015,7
E1039,8
H1105,9
O3641,8
R2876,2
V7559,7
X7329,7
N1661,2
F6547,1
A2069,2
N7249,8
J4255,9
J7119,2
I6817,8
O7958,9
D7202,1
L1031,7
S0096,8
E0907,1
T0577,9
I4705,9
U7320,9
V4669,8
H8317,8
D9531,2
G6029,7
A6456,8
F9962,6
P8226,8
Q6113,9
G7126,9
A4963,2
H8796,8
C0432,2
K3992,7
K2827,2
D2478,8
G4233,2
Q7547,1
E7172,8
N8587,8
P3173,7
P2571,8
E8158,8
X7784,8
P9983,6
O1275,8
I7459,8
W8774,6
P3862,8
D8871,8
Q5161,8
J7726,1
U9623,7
E8314,9
K2832,8
V0392,7
U3033,7
L8216,1
F8801,8
K2516,8
Z5513,2
D7705,1
M4452,6
D4835,8
L3548,8
G2882,2
E3948,9
B1216,1
H5908,9
X9115,9
A3039,8
Z2220,8
W6936,9
J3006,8
A7571,9
M3979,9
P9775,9
M8397,7
Q5664,9
M0802,1
N8847,7
D2559,8
X1887,8
G3448,9
F7181,7
O0332,9
L7599,8
K2573,7
T8523,8
W0091,1
R7217,1
P3562,9
R1633,9
Z1132,8
T8347,6
Q8259,7
X1574,9
R9495,9
W8274,7
O1605,1
F1384,8
W5921,1
P2806,1
P9037,2
V3095,1
P3478,1
E7484,2
T9155,8
M5187,8
X5635,6
L4480,9
W1749,8
J4682,2
P4979,1
F8344,8
X4426,9
C0016,1
P4327,8
N0802,9
O1600,9
P5462,1
P6880,7
R7101,7
F1310,2
M8709,8
J3519,7
B2395,1
B1906,8
V3041,2
M7264,9
B1868,1
V4528,1
W4877,9
Q5124,2
C4172,4
S2794,9
Z8425,1
I8093,8
D0165,7
L6961,9
Z3830,2
V4111,9
P3507,8
Q3579,7
O7075,9
X6117,9
I3319,9
K3211,9
L4464,8
K1339,8
W8664,9
Q7919,7
Q3380,7
Z7838,8
M2726,7
A3234,8
Y5538,8
R8549,1
A3455,7
J6481,8
D4252,7
D1796,7
W0432,1
F0826,9
D9829,2
R9217,7
V2187,7
O6690,2
O4749,9
D5732,8
F6949,1
W4994,8
H1226,1
F6176,8
M7480,2
U2303,2
G9743,2
L9433,1
X3897,8
C6028,1
O6392,6
K4853,7
M4755,1
F7632,9
Z9143,9
V0256,2
C4440,9
V7686,7
B2858,7
F3534,7
A5726,9
R4414,9
P9956,2
S3926,9
G4804,6
E2361,9
L4100,1
B2416,2
F8475,8
B6600,2
Y1732,1
D2210,9
Q9576,7
O9062,2
Q3134,9
Q3302,1
N4779,8
C1505,9
R1868,8
M3550,7
K3691,9
H7804,9
V1167,7
T9796,1
W7599,2
S1096,8
C9668,8
B5194,8
V0502,9
F8267,2
Y9309,9
D3043,7
G3840,9
X0865,2
U9820,2
X9272,8
M2439,2
M0355,1
P4328,8
B7215,8
U4562,2
X5814,9
N6363,2
O5295,7
Y8799,8
U6829,4
P1520,9
A8603,6
X3240,1
C3553,7
X5290,1
L6156,8
D7487,9
Y1889,9
J6210,7
D8933,7
K3124,9
J1452,9
N8702,8
B2569,8
R9153,7
P5088,9
P2380,8
S6912,8
C1235,8
D8344,8
X7980,9
K0955,8
H0158,9
W7547,8
R2095,8
B8680,8
P5800,2
R2878,1
C7930,1
Y2510,7
H6555,8
A3236,9
T6181,9
D0929,9
A4079,7
N1895,8
B1156,6
Q6573,9
C8837,8
Q7403,8
G3194,4
P5233,2
V0411,9
M3105,1
B8311,7
I0587,9
M0988,7
G9715,7
W2435,8
H2354,1
H4477,8
O6226,8
U3852,8
W4691,8
P6168,1
T8121,6
I8593,8
B7029,9
F0214,8
X2196,7
R5684,7
W7448,1
O9449,6
K2918,8
U0238,6
R0133,1
T2698,4
G2876,2
C5488,7
M2078,8
X0318,9
J8572,9
N6294,8
O2432,6
Q3140,6
S8946,8
P8049,7
H0836,9
R6777,8
B1339,1
H4742,8
G8923,7
X8773,2
G0717,8
F2100,2
G2445,8
T6825,8
T0511,9
E0031,2
J4530,7
E1678,9
A7745,9
R1177,8
Z4885,1
R0945,9
Y9254,1
Q8868,1
F6980,9
E6195,2
V0449,9
T7734,7
Z5312,1
V1598,9
Y4933,7
Q3465,9
H3051,8
U6447,9
L6593,9
I7279,9
K9696,9
C7790,2
T4246,9
C0922,7
K3080,7
F1034,1
G8850,9
O1821,8
I9544,8
S6661,9
N9041,9
T7531,9
E1652,8
F8280,2
A8683,9
Y6952,1
G0755,9
H3541,8
D1155,8
H3225,7
M8147,1
X6681,1
D6310,7
S0329,1
M9889,9
P4631,1
K8133,8
A1407,8
I8075,2
U8718,7
A2317,1
Z4805,9
F5028,8
Q1875,2
X8421,8
X2620,8
C4988,8
M9080,8
W0274,1
P6727,7
L9565,9
M2457,1
F3254,8
M0102,7
Q4614,7
Y3763,8
V5855,8
Z7255,9
M2936,7
E7515,9
X0212,8
J5946,9
C2728,8
Q2268,8
H7333,9
H6733,8
R4847,7
D8300,8
C1513,1
F4620,8
E2844,7
C3156,2
C9693,9
X1028,8
U6029,2
P3394,7
D6119,8
L0784,1
J5177,6
F9217,7
Y6967,8
V0837,8
V6101,7
D6417,7
S8130,2
U0379,2
Y5088,9
W2207,8
M4313,8
Z4773,9
E8049,9
B7283,2
O1812,9
A4167,7
K9536,6
O3983,8
H7430,4
V3060,4
F0054,2
M1814,7
F9098,1
J4351,8
S4101,8
M7339,8
R5592,2
A0366,9
Q8222,9
B8521,1
F3813,1
R5703,8
T6602,8
C1602,2
N3638,8
X4344,9
L1575,8
H7083,7
E4782,6
L3411,1
J3913,2
S7802,2
V0535,8
E8202,9
Q4843,8
V4085,8
M4019,9
V1389,9
Y4731,7
C2803,8
G2044,9
F6367,2
I9663,8
H4132,9
D8429,8
P3544,8
F5578,2
F4301,1
O6059,7
C5297,2
D6839,8
I0433,2
A1853,8
F7845,7
H4494,9
M5811,8
W6025,7
B9987,7
Z3603,1
H4787,7
M9966,1
F2999,7
F8440,9
F4969,8
R4409,7
D8656,8
M2212,1
G1018,1
V7488,8
G2539,8
L5970,4
L5913,9
G2059,1
Z7041,8
I3671,9
I0287,4
X0623,9
Z3282,8
P7754,1
H5387,1
V2119,8
M0214,1
R4114,9
W1907,8
A1703,8
P4654,9
L7715,8
Z9797,9
V7858,9
C9013,1
I7239,7
B9848,8
S4869,9
D5833,8
N0857,1
P3648,8
Z4474,8
V5324,7
U6154,8
R1585,9
H5168,9
Y5174,8
H2699,2
Y6315,8
V8788,1
Y0769,6
Z5871,9
N2999,6
E0628,8
I7921,8
M2490,7
R4857,8
T9190,2
E1241,2
W4113,8
J1494,8
E2235,8
Y0281,2
M2994,8
I0450,6
W1287,7
Q6057,2
X2899,9
C9763,1
U1392,9
Y2663,9
B6560,7
O6847,7
B9943,8
G2571,9
N7969,8
G5655,2
B4137,9
Y6978,2
E1117,7
C5520,2
N4182,7
J2247,2
T6754,8
X8613,7
T5871,2
X3123,4
N8519,1
H2370,8
C3348,2
I5695,1
X1285,2
Y9528,2
X4697,7
E1633,9
M7136,8
D8059,9
V1515,7
D2756,8
Q4158,1
S5588,7
Y5941,8
F0492,9
B5627,2
V7131,9
R0185,9
E6590,8
C9470,8
O2194,8
Z7585,1
T4540,1
M1092,9
C1086,7
Y8832,8
A9676,8
F8499,2
I1029,2
R7541,6
J1781,8
J2540,8
Z9196,9
W9709,2
M2058,1
G7247,8
I2652,2
X7795,9
A3242,7
Q8667,8
J3182,2
L2812,7
U1073,2
O9317,7
R4199,9
X0994,9
H5697,8
L5152,7
T0775,8
X2117,7
O1490,9
A5822,4
C8250,8
D4081,8
Z8480,2
H1492,9
H2541,2
K5140,9
G8139,1
D7548,2
T1882,9
C8096,1
I9753,8
J6397,8
X0135,9
N1889,8
P4173,9
F6665,1
Z8651,1
Z7907,7
B2991,7
Y3733,9
R3006,7
F3938,9
Q2900,9
P0791,8
T9622,9
F0388,9
K7248,9
Z5486,8
S1287,6
V0615,8
V6914,1
Z6229,7
X5750,8
W5663,7
D6674,1
F4391,8
I3288,9
N1891,2
Z0804,8
N7569,1
Q4422,1
I6717,8
M4631,9
Y3534,8
K5985,2
S6738,9
O0919,8
X4639,1
F7334,9
V9390,7
F1328,7
E2760,9
M6155,7
W5116,8
A5234,2
B4935,9
X4968,8
U2575,8
S6901,1
P7980,6
G2112,8
C5786,8
V3947,8
Q7303,8
K4070,8
N9349,9
X6780,1
Y0562,9
Z5948,7
T4845,9
S3407,7
B7605,1
E3576,9
L7766,1
U0980,9
M2606,9
E8170,9
Z6407,1
S9944,1
Z9606,1
L1641,9
I3670,8
D0978,2
T0729,7
V0406,7
E6274,7
L9917,7
K1729,6
Y1462,8
I6753,7
W5184,1
A3651,8
S3374,7
V1733,2
M5301,1
M9415,7
I4874,7
N6821,7
T9354,9
H0567,8
M8107,7
X6014,9
X2776,8
P7454,1
B5407,7
V9608,9
O7925,7
H9391,1
L2029,7
B8618,8
I5117,2
S2243,1
X2190,6
N0112,7
O5261,9
K8302,1
R7199,1
U6039,8
Q5098,8
O5602,7
C9910,8
R6013,6
C7408,1
H3727,8
D2322,9
E7151,8
Q1995,7
T5667,9
J1697,6
Z9317,9
T0424,8
Q9756,7
F6149,9
A7161,7
L6455,8
H6517,9
Q0884,1
U6261,9
R1301,8
J9229,7
W1240,8
Q9548,8
X1296,8
F6127,8
R5251,9
E7669,2
Y1094,7
S5303,9
Q3751,8
I5157,1
Y4456,7
C0037,8
H6648,9
P3994,7
L2813,2
S9870,9
L9584,8
W7677,9
S9127,8
M9872,9
W5591,7
Q2672,7
X4694,7
P3033,4
P3791,9
G9128,8
P1618,8
K8404,8
Z8103,1
D2955,9
Y6823,8
S0737,1
Y8539,8
R3155,2
H0537,9
S9339,2
G2241,7
L3096,7
V0183,1
E2581,8
C3310,8
Y0914,8
G4301,1
F5800,8
C1147,8
Z3663,7
T7568,8
H0083,8
U7616,8
U2239,9
K0002,8
J5580,9
E5927,9
A5147,9
W6747,8
R5730,8
G5913,8
M0812,2
Y0731,8
N4689,1
S9708,8
U9410,9
N4065,9
Z1806,1
B9675,2
P8985,8
R3103,8
B9730,8
A6895,7
E7156,8
Z8447,9
K3893,8
B7475,8
C9122,9
K6097,2
T5563,8
V3654,1
K0764,7
Y1784,4
L4690,8
O3816,1
Q6811,2
H6450,9
D9359,9
Q7935,2
K8595,7
F2545,8
Y1619,9
G5236,1
W6874,7
J6151,8
O8495,7
K1251,2
U9363,9
J1977,2
T7923,9
E1874,9
T0389,9
X7023,8
F8454,1
N4162,9
E7812,9
C9370,9
A1556,2
F1069,9
F6205,8
S8511,1
K6173,9
R9404,1
P7826,1
O1779,7
M5247,8
R5173,2
C9884,9
B3361,8
B0746,8
P7593,9
X1245,7
Y1439,9
S7023,9
B1903,8
J4222,9
Y0580,1
G1006,6
G9030,2
F9321,7
M1044,7
P1955,2
W4145,9
M0941,9
I4543,9
Q7081,7
Y4866,9
R0611,2
V1816,9
O4100,1
C0378,9
C1802,9
A2292,4
G1166,8
U7686,1
E7133,8
G0624,4
O8903,9
H0793,9
H9257,8
B2965,9
B0524,8
P5702,9
D9863,1
V0286,8
I1528,7
C3748,9
Y1621,8
D9037,1
P5236,9
X1782,9
X7952,2
J0815,4
S9804,8
N4499,1
W8854,6
T6078,9
X6788,7
E2183,7
T8817,7
G3501,8
G1261,2
G3045,8
P7108,7
M9465,2
C7950,7
U8983,1
U2664,8
X0501,2
A3701,8
Q3517,9
B9278,1
U5588,6
E5247,1
U9281,9
P4343,9
A7038,7
W6257,9
O4803,1
J8773,7
S7881,2
J7852,2
O0303,2
J6010,2
P6841,8
D9800,2
G5529,1
O5202,7
G4139,9
J9788,7
S6943,9
J4581,9
H9020,8
L2755,9
N1651,2
W8639,8
O3546,9
K6596,8
S6099,1
Y5659,9
P6846,8
Q2744,9
X5272,7
B0650,8
Q7789,2
K5850,1
Y7614,8
B9667,7
A1256,2
X3563,8
X3615,9
V0565,7
D3940,9
M5854,9
J3462,1
W8597,8
Z0267,2
F6441,8
W5905,1
Z8593,9
L6460,6
Q7879,8
O1760,9
K6154,9
R0415,9
A6959,8
E4924,9
V7666,8
F6671,7
B5243,9
I3084,2
C3526,8
V8162,9
I2800,8
B1722,1
F4136,2
C0958,8
N6752,9
I1663,7
V4734,9
H1536,8
X8287,2
Y4624,8
A8725,2
D8828,8
M2495,1
G6573,8
S4103,8
U2195,2
K3532,7
N5403,8
P2474,8
D1416,1
G7152,9
A8330,8
X4620,1
K3640,7
O5292,1
W7815,9
C2670,4
H4816,9
N1490,1
R5036,8
D9705,2
U4577,7
K3112,2
P1563,7
V4618,1
F4248,8
D6970,2
H1606,7
A7491,9
M2965,1
B5185,7
J0561,8
N8932,8
Y3623,9
B1232,8
K4029,2
O9454,2
O6329,1
R0268,1
G8081,1
W0748,9
N4376,7
D0331,8
O6759,9
W3847,1
T2215,9
K2552,8
A5902,8
K7956,2
I4320,1
G1370,8
F3137,9
V4555,8
F5914,2
A1470,7
B8631,9
J7177,8
T3881,7
L8605,1
E8530,9
A8639,9
S8399,2
N0333,7
S6854,8
K4237,8
Q1306,2
J6822,8
X6299,1
V7756,7
V3629,8
B9306,2
I1990,8
H0335,2
S5469,8
M8597,7
P9048,9
X8658,8
A4663,8
V1485,7
H5267,8
C3368,9
H7916,1
N7330,8
M2935,9
X0791,1
D6779,2
N3493,8
O9047,1
L6108,9
W5786,2
O1865,7
X8050,1
H1457,9
L4403,9
U3419,8
Z3777,8
R9047,8
T5674,6
B7494,2
U8606,4
N4314,1
W9077,8
S5222,8
H0442,7
V5073,7
B7981,8
O5444,1
E6449,2
O4995,9
M8329,2
H8685,1
J9999,9
Q6410,8
A7986,7
K0318,8
N6718,8
Q1099,9
C2071,8
U8063,8
Y8407,9
M6421,9
B5259,9
B6356,8
O4701,1
Y5467,1
Y8768,2
H0528,8
P6933,7
T5010,1
V3583,2
L1295,9
E0568,8
Y7205,9
R7067,8
X9509,7
G9010,4
W1834,7
M4398,9
Q6085,8
G6317,9
K0317,9
L6608,8
P4021,7
P9550,4
T6562,7
Y9632,8
Q1971,8
K3475,2
N8635,9
C1441,1
J2954,9
S9312,2
X4678,2
Z9701,9
S1642,9
L7811,2
I2871,7
O4384,7
A7822,1
X5342,7
E7748,2
X8682,2
N8752,8
C4796,8
O8220,9
M5944,2
H7241,9
H9303,1
I0212,1
E3035,8
Q6916,9
X1533,2
Q9518,8
Z5466,8
M7801,2
Q7242,9
P0672,7
U9227,7
I4067,1
Q5784,1
X2466,1
J3956,7
V7556,9
Z6864,8
L1196,1
E5958,9
U2457,8
L6227,7
E6237,8
L8788,7
P1181,1
K6913,9
O4201,8
X7376,1
Z7886,1
A2849,1
P3753,8
X5678,9
D9630,8
W9475,8
S2637,9
Y3310,9
K9266,1
C0392,8
C0809,9
B2676,7
A6060,2
K3738,7
M4532,1
R0426,9
G2247,1
V8725,7
Z2527,8
G4104,7
S5527,7
F1095,8
C1319,7
D6184,2
G7001,8
Y9317,1
Q8908,1
C7572,7
B2112,8
K3184,1
N0377,8
K2123,1
P7542,9
S5786,1
P4490,8
G4790,8
B6950,9
H9468,7
G0554,7
D7764,9
Y0371,1
U4319,9
S0762,1
M0199,2
Z2489,8
D5526,1
T4382,8
B8249,9
S7561,9
Z6658,1
W0309,8
B3413,1
G3014,9
I0311,9
W5109,1
L0261,6
Q3123,1
Q7743,8
F9908,1
O1547,7
G8176,1
W3114,7
F6714,7
N9149,9
G9735,7
V4004,8
M2367,1
G0089,8
J3572,7
U1909,1
Y5419,8
V9609,1
R4295,8
I2673,1
Z5469,1
Q2812,1
M2473,9
I2696,7
U8545,8
E7399,1
H5794,9
W7755,8
T7770,1
P3754,8
S3806,8
M6858,8
A7533,7
W7342,1
Y2411,1
K6420,1
V9108,1
V2865,1
X7618,8
P2534,8
C8122,8
Q9050,8
W2757,7
K3870,2
C7934,2
J1447,9
P9869,6
Z8075,8
J1786,1
F4973,9
O0497,2
W3677,1
T8243,6
A6311,8
O7542,1
M2177,6
Q4375,1
S0053,8
O3125,8
O6068,1
Y8804,7
G9216,9
S4616,1
A9381,9
Y5500,7
F5184,2
E9179,9
D1076,8
K3783,1
Y9201,8
X1771,1
N4306,1
F2740,2
N7513,8
Q8380,8
I5173,8
U3420,8
I3536,9
I5283,2
D1253,9
S2779,9
W8113,1
B4080,8
Q7017,7
F4898,8
Q4896,8
Y9562,8
B5553,7
Y0780,9
J6442,1
D0640,8
C4417,9
B4686,9
A2835,2
O8883,2
I8605,2
D8491,8
Y6655,8
N5708,1
M4833,6
O0336,1
X9663,7
B4503,1
I9212,9
Z9199,2
Y9984,8
Z3887,1
H3954,8
A4414,8
F8284,8
C9400,7
F3370,7
M8805,1
V1356,9
W5394,1
B4112,7
Y4788,7
F2127,9
W0291,8
T8042,8
G9993,7
E9456,2
L0777,9
V3540,8
F7264,8
Z5164,9
W5469,8
U5820,1
L5888,9
Z0863,8
Q8760,1
W3953,8
N7144,8
S1997,8
H6356,2
C3941,7
K5382,1
K4709,9
B8704,9
J7727,1
A8703,1
L6645,9
D2819,6
J9969,8
I2363,2
G1020,8
Z5958,2
F6710,1
D9088,7
E2765,1
I5534,8
P2900,9
J7649,9
D3229,8
F8185,9
B0666,9
K6441,7
L9043,1
G9858,1
S9760,8
N1486,8
S6155,1
P8186,7
Y4824,2
D7825,1
D8580,8
Z4317,9
Y8328,8
G5818,8
U4073,8
E1695,1
H0284,8
F3314,8
O5262,9
I0355,8
P5845,8
E0252,8
U2504,2
B5679,8
K6717,8
X7067,1
T3600,7
K8798,8
F9665,2
T6022,1
T2427,1
W2574,7
F7406,9
U7490,1
U4092,9
S3591,2
N1619,8
X4204,9
F9889,1
B5317,8
Y3388,6
F5263,8
X1877,2
K0746,2
G4773,7
F0435,2
A4767,1
B7465,1
Q6991,9
H0493,1
M4989,8
Q0701,8
I5015,1
K7207,9
Y0541,9
S6226,1
A1330,9
H9894,9
X3020,8
U8750,7
T5326,8
L8966,9
M1753,7
V0737,7
O8110,9
I2453,8
L8141,2
P9599,9
N5299,8
U1362,9
J5536,1
D5248,8
M3776,8
D8453,8
S3230,1
A1937,7
B4221,8
J2895,8
Y7258,8
M6103,8
Z5157,9
H3272,2
I8776,2
S3331,7
V3780,8
M6010,9
C5305,8
G9796,8
L5751,1
M1527,1
L5516,8
B2434,8
Z6831,7
N5528,9
R7387,8
W9677,8
L6299,9
Y6919,9
Z8572,7
O5468,8
P7199,1
I4479,8
S0856,8
D5799,7
C1489,8
W2059,9
P3259,1
P4154,2
U8010,1
H1533,9
O5945,7
N8842,9
Q6115,7
L6921,8
M1159,7
I0086,7
C1706,1
Q1219,9
F1860,1
C4225,8
J1776,1
Q6676,8
W4932,8
O4174,8
Y9073,8
A3706,8
N3133,7
K7482,8
Z7312,8
A7713,7
S4014,9
T9958,8
S0256,8
I3487,1
G5662,2
I3603,7
H3603,9
M8531,2
D9794,9
L5025,7
K0927,9
M8213,2
B1888,9
J9182,8
X5154,8
T8466,7
S4813,8
E1603,7
Y9347,8
S5759,2
G7747,8
F0972,7
O8190,7
H6472,1
Z7721,1
R0281,7
D4777,7
L6663,7
F5567,8
G4098,8
I6207,7
J2135,7
C7102,9
O8157,7
R4093,1
Z1183,1
M5455,8
L7314,1
K1235,7
S7373,9
S3211,1
G0431,9
G2179,9
L9837,9
C9073,9
R5142,8
C4021,9
H1779,1
Y9979,1
Q7174,9
P7904,9
R4887,9
Z2367,1
H3582,8
F0921,8
U1488,8
Y3960,1
J9802,1
G9434,8
E5895,8
Z3910,1
Y2969,7
K3805,6
L1915,1
J5775,8
G0081,1
Q1610,1
D8281,8
H2322,8
X3930,9
B8189,8
R4382,1
S2252,8
W4631,9
W2073,1
E1580,2
Y3391,4
K4734,9
R5672,7
S3514,2
W1120,8
I7639,2
M5845,8
Y8548,7
F9905,1
X8055,8
L1693,1
Z1078,1
D9277,8
O7638,1
S8459,8
F9752,2
C1499,8
K0018,8
R6820,7
B3299,1
X8116,8
W5334,1
P9985,6
Q2978,1
U5102,1
J5585,7
I1049,2
J7924,1
H1783,2
K8963,2
A7679,2
N1565,8
P4587,7
P2423,2
H1425,8
W9943,8
X6791,9
E7054,2
D6088,9
J7936,8
Q7673,8
J8249,7
M2517,9
G6756,1
Q4049,7
S6994,2
J2949,1
O0821,9
O5237,7
E3504,7
V7074,9
H1036,9
N4271,1
V9123,8
N5695,9
I4998,1
W2083,8
S2137,2
T5923,9
X5955,2
P6651,8
U0519,8
Z8527,8
V6323,1
V7895,7
A6009,9
M7053,8
T3727,9
S1388,1
K5779,2
E3462,2
X1102,2
B0706,9
Y0035,9
G4988,8
Z8722,8
F5894,1
B5145,8
A6523,7
S4992,7
H6937,8
K1653,2
U2517,6
J4528,1
H1044,9
M8834,9
W2276,1
W0408,1
M6476,6
W0136,9
C6078,9
G5445,8
D4671,7
M5174,2
X1684,7
H0167,9
T8250,8
Z8064,8
L4867,2
G2331,1
J7830,1
Z0409,1
T8868,2
N2155,1
W8371,9
L6666,6
C6485,8
U8873,2
I4936,8
V6191,7
W6371,9
X5047,9
T5783,9
L2487,7
J1179,2
W1400,9
B8778,2
F5304,1
Z2457,8
H1074,9
P0090,9
S9725,7
I5200,9
B6849,2
W3619,2
W1721,8
X1231,2
U7126,8
A1153,2
E4831,2
P1724,9
U3353,8
U2126,7
J1997,8
M5676,9
V1234,9
U4369,9
Y8529,7
E6577,8
U9987,8
A1018,7
U0231,8
N2433,1
P7567,9
U9612,8
K6267,2
A6197,1
D6111,8
H6884,8
G4194,7
F2763,8
T3262,1
X9474,8
E0064,2
G9099,8
L2004,8
E8398,8
Z6427,9
B4187,8
J3943,8
X3379,7
P5068,1
H8365,8
C2676,9
J4012,1
N2224,1
J5359,9
T6725,8
I7436,2
G1777,1
A7644,6
Y4854,8
U6305,9
J2785,4
U9993,4
Q4509,1
L8280,1
R7985,8
I9976,8
D3338,7
F7888,8
L3955,8
Z4029,9
R0934,7
R8464,1
X3730,8
K1193,7
G7922,9
H1292,2
F3978,1
W4870,2
X5190,9
A7737,9
Y4898,2
U5074,8
D6612,1
E2724,8
K5053,8
I5849,8
Y4749,9
O7589,8
H0867,2
N2911,8
A8056,8
Q5504,1
W1982,8
G4137,1
U5880,8
R5448,9
F0910,8
U2740,1
G1695,8
Z2439,1
Z6267,8
O5225,8
Q1009,7
S4473,8
C6678,8
Q5533,2
C7128,9
I0252,9
Z8070,9
S3130,8
V0931,7
C5968,1
P9544,2
W7689,1
K0048,1
S7623,8
I6097,7
T7159,8
H7985,1
Z3978,1
Q6055,7
T0722,1
P6885,2
R5706,7
R5085,9
I0114,8
D0920,8
L1322,7
P1467,1
S7348,1
Z7416,1
F0475,1
V9094,8
S4055,8
R3428,8
Q7398,9
S5905,7
U6891,8
A7116,2
V7335,8
H0693,8
W8300,8
E8611,9
B2301,7
H1269,1
W0456,9
I7506,9
Y1616,1
A5160,8
E7279,8
W3810,9
G7803,9
L9214,8
K2799,1
Y0152,1
Z7165,1
H0772,2
A9308,7
Z4177,2
J4443,8
Q2561,2
C7689,1
F3610,1
Q5115,9
P9561,6
X3662,2
U0635,9
P7894,1
T6230,7
Y7616,9
T4603,9
U0963,8
K3298,7
I5669,1
N7562,1
O4296,9
M8591,8
X3592,7
A1772,8
N2138,8
T2946,2
B3087,9
T2124,8
R3484,7
B7163,9
T8219,9
S3977,6
A4932,9
J5592,1
M0850,7
P8576,8
J3716,9
L0825,8
I3757,7
H4254,7
Q4646,9
H8389,1
T0030,7
S5970,7
K9767,1
K5752,8
C0727,8
J8051,9
K1123,8
Y4114,8
D8968,9
L4208,9
F8205,7
T0409,2
U0867,1
L3371,8
D0462,1
G4007,2
C2800,9
F8525,7
X5569,9
X3940,8
N3535,8
P2329,9
A2280,9
V7597,8
R7481,8
Y2871,1
L2429,7
T5835,8
R8075,8
R7760,1
K8767,8
R3283,8
U6714,1
C8236,8
W1213,1
D3879,2
V2555,7
T2293,8
O5765,8
R4903,8
H9298,2
Y2645,1
N0334,9
M7702,9
X1253,2
A8302,9
D7406,8
G1318,2
Z8041,8
L9235,2
P4320,7
L6589,1
I5243,2
D6629,9
E0806,1
Y6280,9
E9956,7
X5284,8
T2483,2
F0085,7
G0024,1
M8036,8
S0568,2
U0657,7
A6473,1
Q8558,2
P1126,8
V0690,8
B8101,1
I2397,2
Q0548,8
U6483,8
N5049,1
Z0034,8
K6776,2
D5263,1
H8684,9
Y0864,8
X9381,9
A3146,1
O9166,9
B6082,8
W8944,9
D9069,8
W0403,1
F8840,2
I7864,8
S6861,2
I4765,9
Z1016,7
M6950,1
E1923,9
X0544,8
N7372,1
K6132,1
N5217,8
J4121,8
U6866,7
E1677,7
C6260,9
K9012,2
X9422,7
X6063,8
X7433,9
O1731,1
H2742,7
X4538,9
V4978,7
E0259,7
J8002,1
X8029,1
N0103,1
X7231,2
Y0442,2
A8681,9
F0682,8
R1233,9
J1168,8
T8137,1
H3715,8
O0886,8
R6130,2
Z7049,8
A6175,2
V9867,8
S6717,8
Q8135,2
R3736,9
A0758,1
Y6196,8
P1975,7
Y7866,1
C7178,9
D0248,9
M1623,9
J0526,8
N2816,1
O9297,8
L0862,2
Q4991,9
W6272,2
I0243,9
K5594,2
D6172,2
R2057,7
Y1692,7
O9840,8
Y6850,9
S1074,8
U3129,8
H2501,7
W6767,9
O2780,2
K8287,9
Z0764,1
G8162,2
V2172,7
J0903,8
E9314,8
F6193,8
I4822,9
Q1521,9
L5599,2
J2278,1
V0258,9
G6018,2
A5837,8
G3842,1
I0236,9
R2299,8
D1992,2
N8010,7
A7295,7
D2860,8
A1984,1
D0781,2
M8131,8
Q8209,9
N9255,1
O3525,1
R5091,1
B4794,8
P5902,1
N7652,8
Z5752,9
A8124,9
U4817,8
U5783,8
K3308,8
W5900,8
Q8102,8
E5592,8
D1727,8
O5604,4
B6759,8
M8824,9
H0321,8
R1699,1
C4194,8
Y5400,8
X5395,9
J5953,8
M4407,8
H0349,7
M4659,2
N1383,2
W0574,9
P6494,9
W6724,2
L7037,9
Q7723,8
R7789,4
U3101,8
G8454,8
H8388,8
H7915,8
D6600,8
J4775,9
S1510,8
S3170,2
C6213,2
C0866,7
C3015,7
S0288,8
Y3830,1
V3136,9
B0507,8
H0040,1
F1570,2
Z8626,2
C1659,7
U8804,1
B2792,8
F9514,2
T2389,8
P8563,7
T7461,2
C1199,8
O4573,7
L7520,8
C3377,6
Y9287,8
O7051,7
H5558,1
Y7455,4
V7142,8
A9135,9
Z8049,8
X2272,9
T8679,4
A3416,9
W9685,1
M8972,8
B8694,1
L5788,7
K0270,1
Q8242,8
S8764,1
G2771,2
N0878,8
K5739,2
F4699,8
D2089,7
U5905,8
V3677,9
S0566,1
J9271,7
M5649,7
Z5629,8
D3309,4
H9716,9
M5539,7
M5033,9
N0237,9
Y8679,4
W6600,8
V9441,2
A5354,2
K8713,9
Y8491,9
Z8188,8
R6984,1
J7722,8
K6278,1
O5344,7
K2731,9
D4672,2
K6403,7
L0702,7
V2964,9
G9437,9
D1165,8
X5641,7
R1452,2
G1455,2
Y4011,2
W5165,1
Q8364,1
G1670,2
I8359,7
L6575,9
G9531,2
X3212,8
X9220,1
D7672,1
J7392,4
N8225,9
P7089,8
S5593,9
L7543,8
R8926,9
J5950,8
T8427,2
D7505,7
V9588,7
D8737,6
Y7121,8
C8821,1
J5075,1
J1720,9
Y1008,2
P2631,8
U4008,2
H7898,9
Q0159,6
X6334,1
C4591,8
G7775,9
U9712,1
H8893,2
T9209,2
W6463,1
U4767,1
W4853,6
B4057,8
U8721,1
Y9800,7
O8730,8
H1757,8
H1455,1
E5955,8
E8268,8
W7943,8
P5130,8
I3996,1
C9189,8
L0082,2
B8413,7
Y1516,8
K4408,8
Z2684,2
S5133,8
W1391,8
J1528,1
G2999,9
C7130,8
F3536,2
S3329,8
K5150,9
G0985,7
W1084,8
E0014,9
L6799,8
L3198,9
H7228,1
D7312,9
M5720,9
D3596,8
P3315,2
O5540,6
N4157,9
P1356,1
O0476,9
S4324,8
N0867,8
C4597,7
O0629,6
N0853,1
T7166,9
U2010,7
L4733,9
B5919,8
N5567,9
A9400,9
R9943,1
I4215,8
W1949,8
W7024,2
J0724,9
C5692,8
S9311,7
R3126,1
J2765,8
K3604,1
P9004,9
N2510,8
I0601,7
B2972,9
J2142,9
T8442,9
L1396,8
I1999,2
K3814,2
Z9893,2
S7956,8
M9223,8
X8363,9
I5342,8
I4419,8
H3078,1
D0916,2
V2415,8
O4225,8
F0971,2
U7379,1
H5560,6
X0505,2
G2100,8
K6112,9
V5555,2
Y6980,2
X3894,9
E8383,9
G7757,7
K5209,8
K7077,1
I0138,7
F9910,9
I7694,1
X6663,7
B9579,7
X2705,7
V3221,2
T8999,1
W9415,7
I7356,8
D3815,8
D4531,7
K6028,9
L5457,7
B3853,8
C5805,8
J5207,8
I0622,8
F5991,9
T2342,8
U6838,1
Z6489,9
F3452,8
O6782,9
U1208,7
G4882,2
O8451,7
V5757,4
I0938,2
X1184,8
I0993,1
C3027,8
X1430,9
W5791,8
O7317,7
R0019,4
T2416,8
Z0567,2
I1316,9
A3512,8
U4833,7
R1503,2
Z7136,8
V6449,8
S2521,9
D8452,8
U8447,9
O6687,2
U4590,9
M4737,8
A2613,8
D5736,7
F5457,8
G1170,8
L9533,9
B5892,1
M4931,9
Q4559,9
D4002,9
N2712,8
B3171,9
W0558,9
L4066,9
X9234,8
Z1357,8
N7256,1
K4979,8
I3958,8
R2586,7
M8269,9
I5547,7
G2970,8
G5833,6
O2232,9
U4666,7
A0312,7
N1526,7
O8026,8
E6632,9
Z4901,8
L7041,1
P6170,7
U0643,7
H8956,7
V6202,2
B3239,1
L7872,8
Y2641,8
P4075,1
B2869,7
K2263,7
H8727,8
S8010,1
A7792,7
X4332,8
Y4588,2
P6349,2
V6282,8
V7062,9
E1289,2
S6399,7
Y7458,2
N1479,8
T9064,8
C8496,8
O7896,8
V1553,1
F9705,7
D9659,8
Y4629,8
I5139,1
L2806,8
O1677,7
O9105,8
Y6595,9
O6599,9
H3963,8
V2423,4
G2490,8
Q6600,9
J8806,2
Z5425,7
U5825,1
U3195,1
K5463,4
A3279,9
N2309,8
B1371,2
G8886,9
Y4607,7
G5410,7
W0022,9
A7047,9
Q8004,8
I6459,7
K1635,7
X2453,2
C1909,2
V9222,7
R0990,7
B3352,2
C0266,9
P3736,9
O3878,2
C8284,7
W8410,4
N6984,9
S9574,8
A6112,8
W4195,8
T3302,8
C3398,1
X7780,8
F0498,1
B5373,7
N0206,9
G5935,1
E6097,9
M1677,8
I7974,8
J3694,8
S0670,1
Z8692,1
N8722,7
C0201,1
F2742,4
P4727,1
M7101,1
E8597,8
X1407,8
I3508,9
X9157,1
F8371,4
V9099,8
T0723,6
O1399,1
A5516,7
Q5964,7
N7601,2
P4713,9
T6701,9
V3431,8
X3834,8
R6539,8
O0445,6
E4903,7
P9878,9
A7912,1
D7450,1
I0675,8
P6428,8
L2415,8
F6661,2
G6258,8
V4135,8
E0778,9
P6400,2
O3116,8
K9021,2
H6513,9
K9769,8
W9310,7
Y7855,6
U7487,8
K9435,9
B1277,8
P1160,9
M1463,7
O7455,8
N1013,6
H3432,8
C0615,2
P8931,9
J2431,7
B9067,8
Z4796,8
I5412,7
F2331,1
O3169,8
A1558,9
J0711,9
U0477,8
A5271,2
G7467,8
I0250,8
P7267,7
V6236,1
G1066,8
J8705,2
M3161,7
B6239,9
D2018,8
D2745,2
X8483,2
S1384,1
C5622,8
D9865,8
H4837,7
R3803,7
I2075,9
S9967,8
T0437,8
G0848,2
L0314,1
N6338,9
G3271,4
T9527,8
D8413,6
P0345,9
L8973,1
I8726,7
U0388,8
V9474,6
N2247,1
Z2700,7
C7002,9
Z9734,7
R1943,1
L0482,1
U6963,9
V0174,7
O6231,1
B9641,8
E0982,1
R0790,6
Z1642,8
X1319,8
P7907,9
C2328,9
U6670,1
I2083,8
N2927,8
R3587,8
V4535,9
X4465,9
K6103,7
A1059,1
H7699,1
J5110,9
P1800,6
Y8846,2
Z0069,9
U8430,2
G9316,1
G0329,8
O1805,2
T5330,2
I4355,4
Y4251,1
F1785,1
J2079,8
E2198,8
L7625,9
G5768,8
O4281,6
B0329,1
U9912,8
U0884,8
F3677,9
Z1381,8
P4185,2
N3831,8
G8412,9
K1684,8
M2428,9
A4049,2
O3762,2
O3648,9
T8561,7
O6998,9
A5163,1
U8324,9
Z5151,2
O5288,8
B8488,8
D2155,1
B0242,7
A5931,9
B3218,8
Q8331,7
L8871,1
C8555,8
Y9896,8
A3700,9
Y5883,9
L9668,6
I0905,8
G0335,2
K3208,6
C3599,7
Z9477,8
M0708,8
A0071,1
U2326,9
O4203,1
L3739,8
R3195,8
W1406,8
V7635,8
O6172,1
H4349,1
J4110,1
Z3807,8
J4192,8
I5898,2
I6006,7
R1392,8
H9621,9
G3961,9
X7667,8
B2861,9
S7964,8
C2330,9
K0423,6
W0249,8
T3679,8
C9246,1
G9641,9
W2577,1
D3560,4
G6779,9
A5673,8
G7514,8
X1174,8
F6490,8
I6809,7
E7759,2
O6859,9
U4550,2
Z3535,7
Z1014,4
W5629,9
V3588,1
M6457,7
B4941,8
A8978,1
R2113,8
Y2732,7
R4894,8
Y2617,8
V7439,7
S7889,9
Y2389,9
I9631,8
B7575,8
A7411,1
Y5789,2
T6353,7
Z1847,9
I6316,8
R4927,8
T1330,9
W3005,9
Q8543,8
A3058,9
B8124,8
J4390,1
F0940,7
H3791,8
L5606,9
G7707,9
X3120,2
D7575,1
F4018,9
W8584,1
A9713,1
J4323,8
Z4817,9
M5743,1
S0371,2
W1991,1
T6020,9
X8586,7
V4368,2
K8598,9
W2930,8
W1582,8
X5948,7
C7899,7
J2313,2
Q9129,9
D3090,9
C2899,6
P9346,9
Q7410,1
S6513,2
O4603,4
Y2518,6
D6449,7
P2034,9
G3932,1
K2311,1
H9284,9
Y8703,9
W3229,9
Z1802,1
M7505,7
V1916,2
L3247,9
O8610,6
V3471,9
B7176,8
S1045,9
G8237,8
N7218,9
U4773,9
L5439,1
C7271,9
D0688,7
W7199,9
C2790,9
H2335,8
I2632,8
Y5141,7
T5587,6
H0808,8
D9806,9
G9986,1
O2105,1
D0062,9
A3157,2
G1448,8
Z3946,9
C6983,9
Y0150,9
T2670,1
O8351,7
I8293,1
T5410,2
D4889,8
X4089,8
W1235,8
C5511,7
C5802,7
T4427,2
A9606,6
T8879,1
J5740,8
S3106,7
M3174,8
N0611,7
P0071,8
B3672,2
W2715,8
Q5263,9
C4777,7
Y3343,9
N3574,2
O7853,2
B9441,7
S9753,8
C1311,7
Y4753,9
J1721,8
J3858,1
U4359,9
O6980,9
B4149,9
B5740,1
V2177,9
A1463,7
U4903,7
I6683,1
H3337,8
J5896,1
D7356,9
C0276,1
S2381,9
A7016,1
E6708,9
D6400,9
W2423,1
F2211,9
F2522,2
X2893,8
A6672,8
R9090,1
M8777,1
L1589,9
R3044,9
N4961,9
J2374,9
W4919,8
Z7315,8
M5402,7
S4646,1
X2094,9
R9816,9
D6176,7
D1961,8
K7273,1
K4757,9
P8548,9
T0078,8
S7770,9
C1408,7
M9835,7
W0281,9
M1593,1
U7346,8
N1236,7
H2910,1
I4250,9
A3266,9
A7610,6
K6602,6
G4832,1
M6129,7
O4265,9
N3880,9
H5170,9
P6956,8
J7251,8
Z7250,8
O0940,8
A7878,2
K1997,9
K3188,8
O8653,9
P4782,2
L0374,1
V2981,9
V3541,9
Z1950,2
S5014,2
C1746,8
O3976,8
T8292,8
G9226,2
X7986,7
H1912,1
M7225,9
C1448,8
G8896,1
O9750,2
E8888,9
F1730,8
L5206,1
V3343,1
P2697,9
D9814,8
T2620,8
P9236,1
M4962,9
Z3462,9
M3325,2
Q3739,8
Y6746,2
J5368,9
D2269,1
S0408,2
V2074,9
P2933,8
B9300,8
F8071,8
B0239,2
U3785,9
Y0843,9
S0202,2
J0776,9
K7164,1
F4737,8
R8462,1
G0534,9
Q8139,1
M3835,1
V3658,4
Z9908,1
I2291,9
X2007,2
Q9359,7
L9439,1
P4515,8
V7528,8
V9527,9
X8484,8
C3412,2
R0652,2
P0149,7
C3102,9
S6338,7
M4396,2
K6983,9
H3345,1
L8691,8
M9136,9
B5392,9
M6150,1
T7306,8
D9859,9
B1854,8
O4554,8
F3980,8
L4822,1
O5396,8
I0729,2
X1341,7
R1969,8
J9822,1
K6272,9
N6421,8
Q0771,8
Q9773,2
H2516,8
N5714,9
Y4946,9
U1268,8
C3554,7
Y9936,9
U5878,9
G0503,1
P8958,2
Q4909,6
C6947,7
M8753,8
B7435,9
W4424,2
E0076,9
Y9278,2
Y7905,9
V9327,1
U3094,2
X3081,1
C9424,7
K3219,9
Q1263,7
J2449,4
G4748,8
J7276,7
I9882,9
A3690,1
D6230,8
Z3004,7
E8930,7
U6812,7
J7996,1
J1984,8
T4393,9
I0272,7
S1217,8
I9420,1
Y2007,8
Y0737,1
G7719,9
J8035,9
E8391,8
K1705,9
D6786,9
F3397,6
H9885,1
Q4968,2
V1677,8
E3835,9
N6222,9
A8009,9
A5184,1
U2398,8
S4835,9
V6586,2
O3653,9
H4106,9
M9505,9
I4684,2
I1847,6
Y4244,8
T5162,7
S0166,7
P7683,8
H3949,8
T4450,1
M6519,8
N9919,8
Q5177,8
H7078,1
O8253,1
V0268,9
N8481,9
J4830,2
E8114,7
X9512,2
I5335,8
F7652,8
U5738,8
I8242,9
H5159,2
R8151,8
L7569,1
I3655,2
K3136,1
S2636,8
Y2838,8
Q6013,7
W9519,9
L2212,1
H5707,8
H3850,9
U6847,9
C9208,9
J6910,8
S3424,7
A7690,8
L6870,8
X5751,6
J6212,7
W9404,7
I8220,8
E9962,7
X7914,2
E4611,8
E5887,7
K1915,2
X8231,8
L0003,8
I3169,1
X6135,7
W5021,1
B3596,8
M6793,8
J8100,1
K6141,8
P0000,8
M9325,8
Q3252,2
F8491,8
D4591,9
J8211,9
R4548,7
I9079,8
Z3630,8
X8943,8
K8219,8
K1663,8
P2038,1
Q3072,7
P2869,2
N1797,1
W5102,2
E5892,9
N1148,1
Z7236,2
H1460,8
J4835,1
Q4270,8
T9921,2
V9448,9
F5700,8
H7795,9
O1644,7
N5656,9
D4754,8
Y6858,7
Z7056,8
G4618,8
L1060,9
Z4068,8
S5650,8
D2792,8
B5670,9
H0674,9
S4753,8
C9656,9
H0157,2
J3428,1
Z2432,6
F0464,9
R2653,1
P5076,8
D1891,9
K0325,9
A1752,9
S3991,1
G0150,8
M7955,8
D3686,1
K9426,7
F0844,8
M9271,8
D7720,8
M1840,1
N3169,2
T1879,8
B5158,8
C1674,9
N1937,8
T6484,7
W1219,7
A8879,9
T0716,9
R5006,7
D5607,9
G5789,8
K8357,8
S9116,8
U4000,8
V1219,7
U1673,9
H2847,7
Q9341,8
S1169,8
I7535,9
D7265,9
A0178,1
M9557,7
B9619,8
B9610,1
F9928,2
I9172,8
Z1735,1
R3167,2
O7439,4
L0911,2
R8029,7
X7766,2
S7767,2
H4565,8
G6512,8
F8388,8
X5840,1
J0557,1
X2568,8
N6312,1
R9278,1
M5959,8
M1644,8
V2068,8
O2051,9
R6540,9
V9311,2
K3647,1
D0825,2
N9496,1
Q0095,1
F1207,8
V4721,6
I2713,1
I0091,1
F0569,9
L9957,1
N6277,9
T2462,1
O9366,1
N1713,4
K9821,2
N1690,8
Q5415,1
I3148,8
W0089,1
B8842,8
B3028,8
K7745,7
F2342,8
C7976,7
U4923,2
I2709,2
D1658,8
X7796,8
T6836,2
N2792,9
G6341,9
N0687,8
D4265,8
L2856,8
F6708,9
P5971,1
Q4205,9
W8785,7
I5955,8
L4518,8
X7305,9
J6701,1
D4628,8
G5641,9
L5802,4
Y8723,2
B7757,2
W2180,9
L8449,2
I8714,1
N9092,1
B1710,4
X5865,7
X5531,8
Q9160,7
K8969,8
T3885,9
S3842,8
R3355,8
I3673,6
X5533,1
D5173,8
A9480,9
R5557,2
A6116,1
Y5154,7
C6110,8
O4267,8
C4320,1
V6941,9
L8710,9
E2906,1
Z8276,2
F5235,9
L4585,9
Y3134,8
Y1526,8
W0821,7
G5863,7
I8568,8
X2362,9
S8070,2
O8872,1
H9440,8
W6438,8
I4387,2
B1889,4
B2169,9
E8675,8
X8582,9
U1012,7
L6257,1
Q5259,7
L0823,9
X6336,9
E4560,2
C0116,1
J4375,2
N2711,2
B9842,6
O7181,7
V3994,8
T0463,9
F5391,7
E1491,9
E7095,9
H9869,8
N3665,2
V0614,6
G9397,7
Q8864,1
I8522,8
A2545,1
H5396,8
G8094,9
H9168,2
Z5698,2
E2399,8
P3815,1
C7169,9
I7829,8
E8106,6
A4949,9
P8833,2
K3382,9
O8581,6
Z1387,7
T3239,8
Q0682,6
V1918,8
B3035,8
R7228,2
S5597,7
Y8168,8
X6971,7
N6388,2
N2788,9
C1692,1
X6323,2
X3425,8
V8115,7
U4301,2
B6523,8
G0387,2
O6882,7
I4307,9
E1661,8
F5331,7
B4613,9
N4749,8
A1073,8
I7899,8
C0182,7
T6903,1
T7140,7
S5244,8
L8935,7
V4915,2
B2101,2
S2221,8
G5672,9
G7428,8
D1585,2
O2474,8
U5293,2
F1736,9
C9236,1
N3388,8
G1263,1
X0177,2
U6945,8
O1150,2
B9595,8
J1610,8
E2085,2
G4970,7
A8847,2
I2145,8
S9462,8
Z0613,7
T2677,9
V6461,9
X6204,8
E2477,8
E0242,4
Q8218,1
Q0161,7
G8011,2
J6176,9
P5189,1
C7789,8
X4722,8
E9853,8
W1185,9
N3784,4
D5700,9
Y7041,7
H2571,8
N2546,8
L5027,9
Q0534,9
B1242,9
I9475,8
I3837,8
B9302,2
O0871,1
E6763,8
S9396,2
J3589,7
E6775,8
U0648,9
I2096,2
T3180,8
Q3563,1
A2364,7
C0326,8
P5790,1
K6013,1
G4793,1
X0934,9
X9026,2
G4130,7
C0919,9
F7960,9
L8113,4
U4696,2
K3408,8
D9671,7
V5334,8
T1316,7
H2669,9
S4778,8
Z6939,9
R6505,2
Q0684,8
Y3481,2
O2863,7
J5240,4
F9280,1
C8107,1
B6562,8
Y1417,9
R2920,1
L0748,8
P2590,1
D4718,1
S9906,9
S7165,1
O5391,1
C5460,2
C4737,9
N2769,1
P0217,8
I3371,9
S7931,7
V1163,1
Y5204,1
U1819,8
X8103,1
F7025,8
N6025,1
S4005,9
W6602,1
K4274,9
T4214,9
G0662,2
T0073,7
K5298,9
Z7357,2
L9398,1
Z9622,9
H2357,7
M0111,7
T5075,6
S6160,7
Y3298,8
U8880,9
D0859,7
E8528,8
X3083,1
Z8665,8
J0878,8
Q3925,9
D8539,8
C1844,8
X0210,1
F2538,1
W1380,6
Y2076,8
J2096,8
B7841,2
R2131,8
J2093,9
M4849,1
O3749,7
D6453,7
Y9060,8
H1291,2
T0337,9
S7530,2
K4171,8
W6677,2
C1653,9
J2800,8
G3503,9
E7667,8
C8003,8
W1282,1
F3106,8
I1745,8
R7264,7
R5883,9
S6029,9
H3522,8
N6471,8
X7448,1
J6181,9
K9957,1
N3819,2
L8092,9
K9882,1
P6492,8
E7720,2
W5515,9
S3626,9
I0584,9
R6116,1
B1505,8
Z3227,8
Y1551,9
B1011,9
W6307,8
S3720,6
S7624,2
L8623,2
X9364,9
S0314,9
M8899,8
B5884,1
Q2523,2
U0898,8
B2930,9
A3799,9
M6686,2
L9779,9
P2785,7
E5417,8
R5467,7
B2835,8
L4187,9
N6435,9
G1073,2
Z2165,2
K6830,8
U4146,9
P1600,8
X8162,9
S7660,7
K4030,8
Y0219,8
X4992,7
L2237,9
Y6048,1
H5091,1
L1732,8
T3824,8
S9075,8
Y8944,1
R8302,9
T0297,7
G7692,2
U7251,2
G1680,6
T4893,1
E8946,1
J4770,1
F8282,1
P8375,8
Z3769,7
G0172,7
B7915,9
G2240,8
T1844,2
C1870,2
J4974,1
M7073,1
S4624,1
Q7535,8
G9416,9
Q8064,8
Q3870,8
M7712,9
L4082,8
M3327,8
H8113,2
N7604,9
A5180,8
H8370,7
A0429,7
Z6660,8
X1272,8
H1278,9
I4847,8
V2282,6
I2092,1
E4327,8
X1266,1
W5396,2
W2451,9
H8750,9
E8304,1
A7557,8
L6796,1
D2809,8
I5344,6
U5753,8
S1354,9
U3691,8
W4115,8
T8142,8
N5756,8
R5086,1
Q9242,8
F3405,8
J4134,9
A8295,2
B5200,7
B7113,2
X4166,9
R8242,8
E0875,2
B7969,1
L5534,8
E5616,1
R5826,8
E7398,8
N1669,2
E9573,8
R5100,1
Y7166,2
R8229,7
N9905,8
H9187,2
R9550,2
P9128,1
W0689,9
N8952,8
F0236,2
V4917,8
I9006,7
B3913,7
H7526,9
A9387,1
C7732,1
P9053,7
U0452,8
O4839,8
M1368,9
J6754,7
X6881,7
N7738,1
T1785,9
N1692,7
J4561,9
T2139,7
Y6087,7
E0377,7
W6437,6
G8165,9
S7651,9
C7223,8
D0300,9
M3716,9
E7891,7
O8290,9
O5232,9
W1218,2
H5622,2
T4195,9
O8860,8
D6257,9
K7512,8
X5100,8
K5374,9
O5227,1
I8127,8
G7941,7
X8305,8
S0892,9
E7473,7
G3971,8
U6111,8
R9970,9
E9951,9
L1285,9
Q7908,8
P8299,7
S4249,9
A8011,9
E8827,8
H1504,8
Q3634,9
D2276,7
F9281,7
V5433,9
E3090,7
P9968,8
T3210,8
Z9786,8
Z2142,6
Y9032,2
G1486,8
W8600,9
L8325,8
I0159,8
A5635,7
G6778,7
Y7738,1
C5009,1
X0054,9
P0443,7
F4048,9
G7815,9
W1162,1
T2978,9
I3605,1
N3911,8
K2739,8
W6114,1
A4155,8
B6955,8
A8478,8
Q0477,1
A2550,8
D3864,9
H4475,8
Z9869,9
L0071,2
K7623,9
D9080,7
N1757,2
D6796,1
G3623,7
F5265,8
X9047,8
L5393,7
Y4660,1
P8709,8
J4318,8
Y1010,9
B1103,8
B5240,9
T3800,7
M1613,8
S5691,4
Z0170,7
N8173,9
H0763,2
N4032,8
Y9406,1
E4222,1
V8799,9
P3297,1
H9188,8
I6775,8
D4320,1
H8908,1
H9910,8
E1178,2
A9271,9
Y8769,8
Y5875,1
A3711,2
U2916,8
U1547,1
F2797,9
Y2705,8
B8639,9
R9986,1
C0231,8
E5917,9
O1599,8
J9389,8
L8791,6
O7161,2
W9958,1
T8283,7
D5085,2
Y2326,9
K1007,7
U2129,8
I6694,8
E5617,8
N6937,1
B2578,8
B0749,7
Q0503,7
N5842,9
D2023,7
I1777,2
R5995,2
N1190,9
U9013,7
X4799,2
A7723,8
R1435,7
K4986,9
A7645,9
Q8879,8
Y9475,8
I9801,4
X0942,2
E3610,8
W0282,8
V3723,8
A1318,4
G2392,8
F2647,9
V8230,2
P7782,7
X9497,4
A6092,7
R8627,9
S3111,2
J0876,8
S2210,9
E7713,6
K9506,1
R5234,8
H3279,1
M4393,8
E1893,8
A5665,9
D3150,7
U3147,9
U7140,9
J2058,8
K3972,7
S9589,1
Y6078,1
A1246,7
D4448,9
W4386,1
P4681,8
B7770,8
I4198,9
M6852,2
R2153,8
T5916,8
E7881,7
D6992,9
Z5202,9
Q8660,8
P9688,9
X8870,1
M4772,8
J5390,8
A2714,1
B8320,7
G4953,7
T3585,8
O3064,2
A4575,1
H4255,8
I7556,9
M8256,9
C6527,1
Q4403,2
J0479,9
A9472,7
N1064,9
F5770,8
M3301,9
D5902,8
V1989,9
D5958,9
Y4568,8
E3082,1
V8854,9
G6002,7
U5275,7
P7229,9
U8810,8
E8274,8
O1945,6
O9250,1
Q5148,2
W7152,1
S5992,8
U7521,1
B9252,9
K0673,9
Z3794,1
R0698,8
L8010,8
F1574,9
T1450,2
Q5318,9
S6780,2
M9613,8
L6263,4
F5482,8
S3909,9
O2553,1
X5570,9
L2769,8
E2925,1
Q9959,1
K6594,1
G3681,9
K0762,2
I4449,9
W1459,1
G3228,8
T5938,8
Y0706,6
D3952,8
U3235,2
J3611,8
O3625,8
Y6950,8
F0121,8
X0251,9
V4336,9
K5656,2
U1192,2
R6385,9
G1842,8
V9779,7
E1898,1
Y7376,2
W2545,9
V4456,8
C9908,9
F6900,8
T5838,1
Q1546,2
E0627,7
J0062,9
A7224,7
F9489,9
E4418,4
M2634,8
L7343,8
Y4194,8
L0530,9
I0104,8
H9241,9
S4508,8
E6637,1
D9590,9
T2945,1
U2877,2
H9825,9
N9502,7
Q6214,7
Q3471,2
O5501,9
I5397,8
I6840,7
N0240,7
O0393,9
B6945,1
O7674,9
W8470,9
Q0843,1
P1522,2
G3195,1
M2673,1
H3900,8
C8240,8
S7405,9
L8799,8
I2863,9
Y3494,8
J7787,1
K3701,2
R3623,7
M4102,9
U8323,8
N3298,7
E3570,9
J7416,9
Y5083,4
G3358,8
D5353,7
A8214,8
A2697,2
D3344,8
P0983,8
P0376,2
X1143,2
P6419,9
O1748,8
J1050,9
P6611,8
O1240,9
Y7292,8
L0559,7
S2071,4
U4940,4
J8281,8
A1559,1
H5919,8
D7416,1
I3116,8
H8984,9
D7743,9
T6462,2
L9559,9
R5187,9
M6410,8
K1035,2
W7277,8
H3233,1
V4590,9
E5002,8
G3779,1
M8155,8
Z8690,7
T7353,8
R2183,6
A2628,8
Z5367,8
X7646,2
W5407,7
B3984,1
I5799,1
G0977,9
F7794,9
B9384,2
X2065,1
M6514,7
J7699,8
S7595,8
O0757,7
L1985,7
Z8649,8
S1202,9
N2762,1
Y3815,8
M9632,8
J1010,1
O7709,8
L5691,8
P2033,8
E3212,8
E9728,9
T4866,9
T2863,8
R1669,1
Y1681,4
D1101,7
R6367,9
I2131,9
F3243,8
U2525,8
C2301,2
P8789,6
I1783,1
C8739,1
S8835,1
G9005,8
Z9995,9
Z9294,8
V4503,7
K5427,9
Z0048,2
Q8163,7
I4904,2
L3235,7
M0833,9
W7694,8
G1891,2
K2062,1
U6832,1
P4725,8
J1443,2
Y8644,2
T1847,9
W2824,8
I0305,1
B2343,9
S1784,6
H8889,7
B3918,7
H7240,9
Z5231,8
H7060,9
P8480,8
H8453,8
O1108,1
R7772,8
L3741,2
Y7157,8
Z5542,2
B4168,7
F6383,1
W2687,7
F4009,8
E0687,7
G5014,1
Y0820,1
P4442,8
T3860,7
D5292,1
Q3342,9
M9161,2
B2757,7
A7978,9
O2992,7
I4735,1
P2482,2
X6549,8
G2371,6
R7628,8
T9742,1
D9943,1
T2594,8
Q0638,9
X7897,1
S8474,9
H8279,1
W8856,1
F5351,8
P2059,9
A7343,8
T5907,9
H5089,7
U5132,8
S8718,8
O0678,9
Q5354,4
R2624,9
L9427,1
A6214,2
G5620,7
W2527,2
C4469,9
S4252,7
S4652,8
E6243,1
W0872,8
R9399,7
W3566,9
Z4879,7
A8144,8
W1566,2
B5659,8
C5988,6
F4698,1
R6183,8
C1398,8
N1255,7
F0698,2
N4362,8
E2528,8
R5975,7
S3326,2
H3189,9
N5793,4
H1231,9
Y0519,8
E3708,9
N4781,8
T6630,8
J7170,8
D3798,7
Q8524,9
C2691,8
B1512,7
D6956,1
K3439,2
I2341,9
U8336,9
H0272,2
G8301,1
R8361,1
B5123,1
K8781,8
O8326,1
P6188,8
Q4006,8
P9981,9
D5893,8
Q4741,8
E7354,1
T2364,9
W0477,7
M1906,2
O6654,8
M3172,1
Z9136,9
K1121,8
T8494,7
B7835,1
C8424,6
X5061,2
D4495,9
R9961,9
T7921,2
H1663,1
N7120,1
S8920,9
K7522,9
J8506,1
U4673,9
O7395,2
N9139,6
G8935,8
Q8520,1
Q0118,2
W6490,8
R3480,2
X4626,1
Y5993,7
R9889,7
K9641,8
F7298,9
V5326,2
I9334,8
M1037,8
O0447,1
N7793,8
L3261,2
E6063,8
H2235,7
V2262,8
A9333,2
H3197,2
M5066,8
F6358,7
P1327,1
F9775,9
G3444,1
M3737,8
V2687,1
F3048,9
M0343,1
Y6242,1
K3390,6
W5529,8
I0307,8
P0154,1
U9936,8
C8407,8
U7639,9
Z1147,2
O0916,9
O8473,8
P8018,1
X0049,1
E3735,7
I3438,2
T2630,8
V1718,7
M4980,9
Q5610,9
C4269,6
I7501,1
X0878,9
D2452,1
Y6892,9
T3542,8
G4677,8
N0530,8
O6931,7
I3723,9
Q9591,9
Q2074,1
L2195,7
U3112,1
O5785,8
T3647,1
P1490,8
X2259,2
Z3407,8
I7572,7
Y4965,2
Y0208,9
T0778,1
K1950,7
Q1110,7
P0281,2
D7380,8
X8590,1
K5645,8
S8395,8
T9205,8
R0849,6
M9972,6
B2933,8
N4940,7
X5243,1
O1232,1
G7509,9
L6037,1
E1206,8
R3561,1
N4117,7
W2225,6
R6323,8
X7285,2
W1728,9
K4547,1
F5152,1
I0028,1
G2422,2
F6465,1
A3826,8
F4892,2
I4252,1
M5665,2
W8407,8
D6406,8
O6956,7
A7673,1
S0758,9
N8096,7
N6872,8
J0622,7
C7570,8
F0297,2
V7204,8
K2377,2
D7722,7
X9145,7
Z2210,7
Y8971,2
I9146,8
U4251,2
Z3390,7
S0043,8
B0201,8
X3673,8
B3619,9
G3413,2
V2639,8
W0012,9
D6000,7
H3667,9
Q0238,8
D1841,1
T1061,9
V2257,1
E0166,9
F0022,9
O5720,7
H5332,1
U4549,2
P8936,7
R1982,1
U5515,9
U3496,1
X8688,1
J9169,7
L3403,8
T3819,8
V2827,1
Z1297,9
A7862,1
Q6128,9
B5642,1
O7639,7
Z4393,7
J9423,1
T3057,1
Q5829,2
B1534,9
I1469,2
Z9540,2
Z7477,9
R7633,7
X6458,1
I9856,2
F8435,7
L1057,1
H0181,1
K3463,2
F7713,7
N4865,1
A3057,8
W8668,9
P7101,1
G9930,1
N0998,7
I2019,1
P8960,8
I5213,8
V9985,8
E0254,9
B7530,2
P8737,1
S5602,8
V6489,8
B2733,2
L7820,8
H8902,9
L8348,6
Z7210,7
N6726,8
G8589,9
Y7006,8
N5308,1
M4046,7
C2493,9
A4646,2
J4137,9
H1494,7
E2535,9
G7602,8
F5940,2
P8585,1
K6258,9
H5290,1
R1195,8
H9991,8
I1498,8
E9497,7
D0749,9
T9849,8
R9298,8
E8344,2
B1050,8
A4563,2
X2987,7
W1734,9
V1252,8
V8521,8
A2501,6
C0777,2
P2018,7
N5283,1
G2429,8
M3490,7
G0876,8
K1877,9
N1097,8
N6472,9
V6339,9
S1157,8
D5695,8
N1599,9
L4922,6
H3025,2
B8792,8
Z5214,9
Q6658,2
O5420,2
S7607,8
C1854,1
A8811,7
K3924,8
T5376,9
I0208,9
N8971,9
D3672,2
D1843,8
F2085,8
T6935,7
R7824,9
C0816,9
K7868,4
H6070,8
J8162,8
N8254,7
F6750,2
G4627,8
V2306,9
U3614,1
S7732,9
L2511,7
G8310,9
Q8806,8
L7373,1
D6637,1
D4404,9
A2602,7
R0007,7
B0378,9
G1873,1
T2805,8
H9650,8
E7449,8
R2549,2
M1244,1
W4816,9
U5358,8
J8363,2
Q6996,7
K8637,9
E6094,1
G8221,7
A5121,8
P1054,9
W6350,2
E6331,6
M9903,8
J4078,7
W2476,2
U3307,8
Z5851,7
A8957,7
W2646,9
Z2313,9
M3234,6
F2992,1
V8753,7
E4695,9
G0323,1
A0483,1
F1433,9
R2140,1
O2344,9
H8354,8
R4527,8
U6883,2
N0340,8
H5407,1
M7426,9
D7732,2
I7012,2
I8711,9
S4359,9
T0809,7
Q2027,4
S4642,7
R2986,9
P8659,8
Z3761,9
D4676,8
O9180,8
O2730,8
W0473,1
F6181,9
O2755,1
A6883,1
C2094,2
D4205,8
R4603,9
K1822,1
S5614,9
D7545,2
J8672,4
R5951,8
I0944,1
A4269,9
I3971,8
P9107,8
Q1377,9
I2860,8
B1541,8
H6044,2
G5491,8
Q8013,9
D1910,7
G7758,1
W0527,1
J9283,8
B4161,9
J1384,2
N7452,8
A8993,7
T3332,2
M8976,9
O0012,9
Z7933,8
X7771,9
W1337,9
W0057,8
E5633,9
I7317,1
L8362,7
C1285,8
Z9827,8
K5653,7
E1096,8
Q0928,8
G3456,1
I9832,8
R5321,1
T4374,8
X3080,8
Z7841,8
M0592,1
D5366,8
Y8617,8
R4831,7
J5468,2
M9806,9
Y0298,2
W2195,8
N0478,2
G5223,1
I5293,7
T4020,1
B6336,8
F0648,7
K7387,1
N5120,2
H9151,1
L7833,7
K4077,9
Y0426,8
L7387,9
P1761,1
Z7967,2
Y2448,1
V6872,8
V1826,8
C2962,8
B7708,8
R1157,9
A3657,6
C2348,8
R0594,7
M0820,9
H9549,7
E0538,8
H9531,6
O8570,8
P1248,8
U7518,9
F5797,7
H7232,8
X4051,1
X8907,2
X5936,8
Q3453,2
V0438,7
V1797,8
V8320,8
M4100,9
Q8227,8
W1591,7
C0574,1
F4586,9
I5606,8
J3012,2
M3797,7
D0082,2
S6621,1
G8315,7
D9159,9
X0658,6
N0164,9
G5506,8
F1598,8
S3802,9
H1222,1
T3086,8
H9971,9
B4138,9
K1258,6
G7270,7
A9827,9
V4326,2
I9811,1
V7767,9
N3514,7
B5230,1
S4838,8
H7811,2
I6585,8
Q1767,9
O4991,6
H8294,8
R6029,8
G8817,8
B4001,1
D1062,8
F0406,6
W7325,2
A3276,8
K3644,2
Y7187,8
W1564,2
H2720,1
T1888,8
Z3105,7
R2693,9
R8600,8
F0352,4
D5131,7
Q9514,9
Z3251,1
E0836,7
Y9933,8
N5194,1
G3359,8
F1290,8
Z0655,1
D3556,1
E3882,7
L5922,7
D5790,1
T5511,9
D3567,7
A9290,9
I6205,2
U8681,7
V1421,2
F3272,8
P6020,8
W1349,7
Y6349,9
X4161,8
W5652,1
E9566,9
B8962,9
E8046,2
A6248,8
Z3704,9
A4358,1
X6540,8
E9432,2
P7885,2
F7622,9
C5241,2
Q7563,9
O6307,7
Z4518,7
R1587,9
G6125,8
A1384,7
W4608,1
G3556,2
P1114,8
J5208,9
K7474,1
I7240,1
B4909,2
Z8233,8
R1917,8
Y7858,8
H5730,2
P8265,8
J9454,2
Q0430,7
R9116,9
D7700,1
D4287,8
I6068,7
I2379,8
E1907,1
G7600,7
V7024,7
E4670,1
W0847,1
S7505,9
W1396,9
N1750,7
J0404,9
U7802,1
P8370,7
W1112,9
X6099,8
O2721,1
X3974,6
P6928,7
N5817,8
Y3819,7
E0759,8
X8917,9
K5464,1
O4311,2
V2456,9
R7905,9
I7137,9
S4432,7
M0407,8
R2285,1
Y9540,1
I8811,7
L8438,9
Q1780,8
X9295,8
F9552,7
G5287,7
F5454,8
X4384,8
W0078,1
L0620,2
J7706,7
J6090,9
T1827,1
M5051,8
A7575,8
X7553,1
I4861,9
D4051,8
L9590,4
S2911,8
M6725,8
H3153,9
O4566,8
F4717,1
O7281,1
R8527,1
J6149,1
A1161,8
X3051,8
L0259,2
U6646,9
F4220,8
Y4175,8
T0076,7
T0661,2
N7707,8
Y1397,8
P8930,1
U2225,7
D7111,9
Q1931,7
W0024,8
V9346,2
R6451,8
T9114,9
E6178,1
W1869,8
W0779,8
B2666,1
C7947,1
I8224,9
X1956,9
I8841,8
W1486,1
F7841,9
V4460,8
G6982,7
J0713,7
C8241,8
W6139,9
W9575,8
J3887,7
K2964,7
E3743,1
W4666,9
R5674,9
W1777,8
X8750,8
X0176,8
Z4999,2
V1333,8
X1539,9
I7892,1
W8118,9
I6881,1
U0698,9
Z9921,6
Z7158,4
C1226,8
H0400,2
W9603,8
P5759,7
E9567,1
U7698,1
V7445,7
P6068,2
N6780,9
O2148,8
F2197,1
C7832,2
B8464,8
N6652,8
H6002,1
H7025,9
F4134,1
H7977,8
M1599,2
W5127,9
K7677,9
U8251,1
Z8949,8
Q5917,7
K4312,8
G4291,1
X3181,7
I5925,7
S5314,1
B8448,1
B2803,7
R0366,1
E2994,9
E3788,9
K5310,2
W9303,8
J1077,2
C6458,7
Q0486,7
A1225,2
L9071,7
S7255,7
E0116,8
O7202,8
T8607,7
W5988,8
C6506,1
C2572,8
K4259,1
I6531,8
E6722,2
Y2256,8
G8420,7
J8112,9
O0636,1
Z5642,7
Q4660,9
D7577,9
S6641,2
X7007,9
G4584,2
O2278,2
T8960,8
O7065,8
D3813,9
F7881,8
D2426,1
N1884,8
R4068,1
Q7469,8
C9817,7
X6354,8
X3237,9
M5878,9
D5614,7
B2246,2
V3415,9
Z6168,8
W3756,8
B6569,9
K6009,9
J2963,7
O8777,8
F5777,9
F7164,9
K1159,1
O5479,8
L1254,9
U9823,8
E1671,2
W9096,8
T5198,9
Y7276,1
H8432,1
J7904,9
P3022,8
V5769,9
S8568,9
S8831,8
Q2164,1
S5065,9
A5707,7
L2535,8
M2163,8
X5299,8
U9986,2
O0161,7
P6799,2
N5937,8
A2086,8
V7742,7
F3162,7
Z0983,6
T0667,7
P1208,9
A8222,2
M5123,8
J0124,7
H9542,8
O2311,1
C3155,8
K9741,9
C6366,8
D0694,1
B8222,8
P0526,9
K3438,1
M0628,8
S0085,2
X3828,1
W4656,8
U3135,9
N8290,2
B0266,6
O9055,1
E0247,8
E9533,9
G9271,9
I4454,9
X7558,8
Q5237,9
W7982,9
Z1360,8
Q3598,9
O8618,9
Q6006,1
U1468,9
G6233,1
U2240,9
S5342,1
R2054,1
K0010,9
B5893,8
W8932,1
U9945,8
W8509,1
J4419,9
Y5447,8
O3230,2
R5695,8
W8322,9
V3266,1
U1833,7
U0296,2
R1168,8
N6935,4
T2300,9
I8575,8
G9896,9
O1187,9
Y5232,8
W6801,8
W2761,1
U7569,2
C8201,9
A7618,4
E5661,1
X9513,8
H4084,7
K7768,7
K5679,1
S0222,8
K5426,9
G9382,2
X7704,1
F2055,8
J7794,9
N1317,8
Q2734,7
U3140,7
Y2668,1
I8164,9
F9790,8
C2046,1
O7417,2
I0300,9
E8557,9
J2257,1
H0089,6
H8544,9
H6349,1
J9096,8
Y0619,2
V9438,9
C4180,8
N5167,8
C8098,8
U9444,8
S1412,9
B5803,7
L4825,8
Z2603,9
S7399,1
W1687,9
H8586,8
H5382,8
H3590,7
T5027,9
G1584,1
M6112,7
J1545,2
D8109,1
Y8903,8
T0384,2
T7839,9
O2343,1
D0033,9
T8090,8
H1411,1
X0345,7
M8730,1
V6220,9
R6298,8
D1801,2
F2634,8
Y6742,2
L9759,9
G9258,8
X2740,8
K1003,9
G4730,8
G8770,1
D5062,9
B1345,9
R8676,2
D2358,8
Q1726,6
W4739,9
X3707,7
G2532,9
T6381,8
A6951,8
N0604,1
G6314,9
C9433,1
I5238,8
Q4305,9
V8366,7
M0261,7
L8580,9
J3800,7
M4947,7
A9837,1
Q9381,2
Q9362,8
W4911,9
K7606,8
X7096,1
B3353,1
F0450,1
P5974,9
N3977,1
S3528,7
L8098,1
U0900,9
S4323,9
K9137,2
T7466,9
L1399,8
Z6736,9
Z5622,9
N0182,8
B5261,7
T6982,8
Z5845,7
R4412,7
K3034,9
D7082,9
F1611,8
J1187,8
W6515,9
G1900,9
W6777,8
E2645,7
I9378,7
Z1492,2
I9326,7
L7446,7
M6523,9
Y2768,9
O7030,7
N6898,7
A5033,2
J6355,9
W0660,8
X8388,8
O2472,2
F5085,7
R2562,7
T1561,8
D0613,8
Z8912,2
Q3296,8
K5272,2
W8736,1
M7885,2
N2568,1
Q7900,9
D9906,1
M0849,6
A9180,8
K4388,1
M2647,8
M1632,9
N8026,7
M5208,9
H2079,8
T4390,2
F7039,9
A5151,8
S9242,1
H2107,9
H5606,7
O4462,1
C2072,8
H7394,1
W1898,9
W1892,8
Z1317,1
V6139,1
I7850,8
F9526,9
B7270,7
J2682,1
S9117,7
C4332,7
C4132,9
C2615,2
Q6061,1
L0145,8
Z2919,8
B5444,1
I9947,8
I4791,9
C8235,9
J9140,1
Z9445,8
R7259,8
Q4772,8
G3770,9
Q1765,8
X9935,8
X7933,8
P1508,8
T3338,2
Q9133,7
G1905,2
Y9315,7
O0037,1
J4791,9
W9221,2
H3448,8
A3796,1
O1511,2
W7779,2
N5974,9
F7600,9
B6645,1
A6755,8
I8009,2
Z5193,8
Z6605,2
F5050,8
V3776,2
U0017,1
L0293,9
E9512,8
O6064,6
K9396,6
A8163,8
Q3684,7
J4311,6
H2832,8
W5690,7
T9341,1
U2211,7
A5901,8
U1427,8
G0569,2
X9557,8
B4915,8
O8824,8
O1131,7
X5525,8
C9076,8
F0654,2
S3100,1
Y7799,1
I3092,2
N4868,8
S9899,8
I5446,7
W0510,7
D7382,9
J5786,7
O0514,9
P7499,1
U5089,2
C3811,8
H3792,8
A0908,1
V3238,7
D5471,8
H0794,7
R9603,9
E8813,7
W3879,7
M4904,8
S7800,1
C1209,1
W2224,8
L3044,2
P8190,8
E8220,8
V6902,7
M3049,9
T2660,8
X1559,9
F4500,8
J4855,1
J9877,1
G3458,2
B4232,7
O0401,7
N0930,8
Y0056,8
W1811,7
N7778,9
K8028,2
C7207,2
I1103,2
B7016,8
G0984,2
W2335,1
O8028,8
J8553,8
N0497,2
N1504,2
P0943,7
Y1054,8
S9791,1
X6440,9
R0846,7
D9418,9
I7010,1
C2631,2
R0893,9
L3870,9
P8584,2
X6861,1
X6041,1
R2791,8
Y0578,8
J3487,9
I7211,8
V7260,2
R3855,2
S0363,8
Y7864,9
W3178,8
C3063,9
Y1630,8
M0879,9
P7962,1
T3116,1
W0827,8
K9516,1
V6851,8
Y5845,1
F5344,2
W5756,1
J0950,9
L8833,8
E1730,7
K5151,2
Z2929,8
M3468,8
O1024,8
Z0612,7
B2358,8
O9465,8
D6469,9
L1379,8
M3831,7
P5117,2
C6955,8
U7256,8
M6643,8
P5991,1
L3868,2
X3726,9
B9883,1
T0538,7
Q5514,8
L0712,8
A3601,6
H6058,2
L3794,9
Q7605,9
S1733,9
K0485,9
M6951,8
P0111,1
W6687,7
Q3466,9
I8946,8
T8809,9
T7016,2
M5523,1
C2973,9
V3439,8
W1150,9
J5107,2
D7519,2
M7928,8
L6649,9
B1161,8
S0479,2
P1074,7
C2624,7
Q8129,7
I2175,7
J5635,8
W0270,8
F0956,9
Z2154,7
E3302,1
W7702,9
Z5330,7
R9409,8
U4980,7
Y5082,9
Z9749,7
A9869,8
V8448,1
D1865,9
B5633,8
U3930,1
B9315,8
W8819,9
O7507,1
J0350,9
R2352,8
S2371,8
K9629,1
A4211,2
V3896,2
U7768,1
K1347,8
C5552,8
E9426,8
F1685,8
O9323,9
A0591,1
T3356,2
L4705,8
Z8260,8
P3694,1
T6044,8
E5679,8
Q1162,7
V1074,8
S0056,2
H2274,7
D4809,2
J2852,9
E2794,9
J5397,9
K3548,7
J7063,8
M4178,8
J8245,8
E0413,9
H0721,9
X8655,9
V6946,7
L2378,9
Y7602,8
N3135,8
O8056,7
D4308,9
U6673,8
J0093,8
A3316,8
B0482,8
M8484,8
G7445,2
E5411,7
Z2168,2
X3895,8
V2079,9
U3402,8
P4858,8
L7748,8
Y6553,1
N0178,8
W7770,9
Y6375,9
B1428,9
O1314,2
H7355,2
C1032,2
U5472,8
L8459,2
L5915,7
D4408,9
B7089,2
A8602,8
K0683,1
N2595,8
M9453,2
I8354,4
B0385,8
K6239,8
U7982,9
H1698,8
Q3326,9
D3213,8
Y3700,2
E1489,9
K9125,8
G0448,1
T9351,9
N8941,9
B1312,8
J9815,8
V0658,8
U7604,8
T9554,7
G9548,9
A2558,9
G9825,7
C1564,1
W6182,6
U7444,8
W5888,2
J0541,7
T6364,6
D1780,4
B0896,2
N2901,7
U6567,1
W0159,9
U3031,8
I5318,8
M3794,2
X2404,9
B5779,8
Y0258,1
Y2516,8
V8501,1
S4881,8
F0743,8
I5745,8
N9166,7
I2328,2
T3514,8
R0668,8
O3106,9
F4655,7
Q2855,9
S2607,7
K4323,1
X0300,1
W5115,8
M8211,8
O4976,9
A1401,2
T2652,9
U7235,7
D4860,8
D3148,1
E9788,1
C0155,8
X7629,1
J5910,9
F3835,1
S0187,8
W5011,9
L3345,4
A0560,9
P3036,8
O3609,8
K3417,2
E6389,8
W3112,1
R5073,8
K7604,7
Q5179,9
G6493,7
I8867,8
T6240,2
F7261,8
K7193,9
S9779,8
G5753,8
M2746,8
I9066,1
X1303,8
F6851,8
F9699,7
Q8625,1
I8494,1
F2386,7
U5430,8
E8167,1
C6108,7
B3606,8
E0525,1
Q5464,9
Y3468,9
A5194,8
B2333,9
D9825,2
Y0586,7
Y0013,7
U8436,1
J7132,8
I9599,7
J2052,7
H4468,9
E6935,9
Q6486,8
N4822,8
Y2847,8
B1303,8
T3903,8
M3127,2
R3282,8
N3458,8
O7440,1
W8923,9
X8033,2
S3575,9
L4837,2
B9983,7
N6684,1
Q6270,9
T9706,9
N0073,8
C2136,1
P7537,9
K7933,7
Y3124,4
Y7684,1
L8747,9
R9171,1
A6538,8
D7767,9
Q5383,2
N0639,7
G2283,8
L2083,6
R1384,2
H9703,1
U9809,8
U3125,8
I0720,7
J8651,7
H1815,8
S5814,8
Y8630,6
L0533,8
F6303,8
I7186,9
V7045,7
P4588,1
T6958,8
N8194,7
F9903,1
B4079,8
N3587,8
B7340,9
Z1632,9
N3249,9
S4063,1
X8238,7
J3787,2
A4925,9
O9905,7
I9850,9
K6886,8
V1316,7
V9151,4
P8656,1
N8080,2
E3862,2
U3187,7
Z6919,7
K1631,8
J0675,1
K5054,9
F9983,8
Y0420,8
N5964,9
Z3440,2
B2896,1
T6595,8
N8387,8
Q0860,8
B2922,2
G9047,9
O6373,9
Q9472,2
X0034,8
O8649,8
Z4685,1
R8785,8
B5899,8
L5402,9
U2693,7
Y3774,1
J2781,2
I3469,1
T5446,8
F0293,9
V2740,8
B8055,7
E7014,2
B4450,9
P0133,2
H9664,8
M1399,8
A1335,8
S1161,1
V9317,6
Y1660,9
K4674,9
P1870,1
X5394,1
E4672,9
J4930,9
H5862,9
C3344,1
X7244,7
F4659,8
I8890,8
K6285,9
S5082,9
F5845,1
L8858,1
K6901,9
I3870,7
Y0265,9
N5580,9
J3014,8
S4953,8
I9068,8
Q9484,7
W7260,9
L9753,8
H1871,8
F2012,2
I9338,2
F7741,7
R0915,7
P5518,2
P7910,6
V9203,7
M4999,8
A7487,8
N6531,9
E2805,9
V0592,2
W6956,7
Q7520,4
G7771,1
D0815,8
T3174,7
O0952,8
V9734,8
T1838,8
W5308,8
U7943,2
W7520,8
D2083,8
B2817,9
G0633,7
X5798,2
J3548,9
B3138,9
P2258,9
G7055,2
E5179,2
O0754,9
D2802,8
B3864,9
J5405,1
A4717,7
L8942,9
N8804,7
R5697,6
U3435,9
V2526,2
F4827,7
O4263,1
X3297,7
W5822,9
E4579,2
K6108,8
O5469,2
O5402,1
C7945,7
P5087,8
V7055,7
F3641,7
J2613,8
S7018,9
C3708,2
M3349,7
W2538,2
O5241,1
C5010,1
P1894,2
J2644,8
A9192,1
I2050,1
M7726,1
K4959,7
U6955,8
Y3027,8
I0676,8
B0465,1
J2013,7
A6362,2
Z6139,9
V4899,8
T2911,9
M7504,7
Z6848,2
C8243,1
A2702,7
S0621,8
V2652,7
E7516,8
O9539,1
V9288,9
O6783,7
Q3022,7
J2474,8
Q2315,2
F7966,2
A9896,2
K5350,8
Q6535,7
U4043,1
B9544,8
H4224,8
S7918,2
D6198,8
W6063,1
F2032,1
A2342,9
R5553,2
A0887,7
G4348,9
J3184,9
P1462,7
K2861,2
E6407,8
U1675,7
L1435,2
I5630,9
U2797,2
X7607,8
Y1893,7
T3008,8
O6209,7
K8106,2
P3964,8
S0672,9
C2414,8
F5811,7
E4476,7
Z2438,8
A5241,7
G4063,9
Q4251,8
L8265,9
H5349,9
X3677,8
V0804,2
C3638,9
B2754,1
T6540,8
L5870,7
R2029,9
K6777,7
F3120,9
H0222,1
X3131,8
G6392,7
E3461,8
R8009,8
F8776,8
C6047,8
M2354,8
S5826,1
N6045,9
Q9308,6
D0904,7
N8869,8
E7066,7
U6550,8
M0004,8
M1461,8
X1374,8
N9754,1
K6489,9
Y9380,9
Q6809,7
O0854,1
Y6439,6
J9594,8
T1304,9
U2201,1
T8352,8
Q7165,9
R4907,8
M4825,2
I2070,9
W2297,8
V4077,9
K7331,9
F5751,8
H9027,9
U3963,8
N8271,1
H9875,8
G4812,9
H8843,1
X5352,2
C3523,2
Y8211,9
G1698,6
E9746,1
P9173,9
E6867,9
M9109,7
D5447,2
S7912,9
K4726,9
H6095,8
R2574,1
W4290,8
J2589,9
Q3506,9
U5674,9
K1345,2
M8741,9
X3637,8
J7355,9
N8843,7
J7288,8
R2035,1
G9268,8
X4397,8
F4279,1
H0775,9
L2785,8
M6041,7
G3465,1
Q5739,1
J4429,9
U7793,1
G7695,8
R5112,8
W0317,7
J2444,1
S1693,7
M0638,2
K5762,8
A5572,1
V1539,6
M7745,2
B6760,8
K5831,8
R7815,9
N2893,9
K2783,1
L9428,9
V2174,8
U8171,1
G8061,1
J4677,2
L8793,8
S2089,7
X3617,9
Q9176,9
M2885,8
S6089,8
A2320,7
M9933,1
C3401,2
V9378,9
K7799,9
F9330,7
B0663,1
V1400,9
P1497,7
R1649,7
G2677,8
C9140,8
M3674,8
B0220,8
M0665,7
Y1299,8
K1783,9
B4009,9
T6904,7
C7541,2
R3457,9
I8307,9
S3014,9
T0829,2
U5670,8
A5463,9
I7033,9
T5316,9
K8393,2
C2797,1
G8508,1
L8194,6
I1980,2
Q3754,8
D0853,2
B0493,9
A8927,8
I1444,2
K8510,8
L2502,9
A6638,9
K9241,2
I4540,8
U3099,1
Z6608,7
K1563,8
K7505,8
X9409,1
L5785,1
E2705,8
J2551,9
L1132,8
U7209,9
M5987,2
I9435,9
A3941,8
Q4065,9
Y8589,8
X6927,7
O2468,9
H3242,8
P0722,9
F2570,2
P7105,8
C1232,8
N9291,9
X0007,8
I6206,6
V4762,8
U4269,1
X3170,2
I6791,9
X2498,8
Z1030,1
D5115,1
Y9564,9
O2532,8
Y6964,1
K7451,8
E2742,7
I8420,2
W5960,8
T1017,6
C0469,8
C4878,8
Q8882,8
L2232,8
E4322,2
O7966,9
V0013,8
N8036,9
U1922,8
O4431,8
S7748,9
I0301,1
L7768,7
K4980,8
S4860,9
J8598,8
G2797,9
K8644,8
X2381,7
S5068,1
S1181,8
G7614,7
K9880,9
J9907,8
B4054,1
O0987,2
I0552,1
S2126,9
W8395,2
O2193,8
I4997,8
B4784,8
P1070,8
F4308,2
G6292,1
W4794,2
T7251,8
D6621,8
U4740,9
K2674,8
M2301,9
F3173,8
R2371,9
Z8525,2
U1256,7
B5257,9
U6991,1
E0637,1
H4820,8
E7294,9
Z9812,9
A6502,7
B6416,2
K5084,7
R8618,9
F1031,9
J4824,7
W4126,1
Y6995,9
T4989,7
J1086,9
S4728,8
M4240,9
Z8947,2
U1371,1
O0482,8
A0704,2
R2346,1
G7547,1
Z6355,9
R6890,8
X1200,9
R3462,7
M3163,1
U5680,9
V6513,1
P4934,7
K8457,2
I6460,9
M4966,9
Z1758,8
N8658,8
Z4704,1
Z7538,2
Q0578,8
I3163,2
X2158,2
N7206,1
S8115,9
Q5822,2
L9948,6
T7614,8
E4001,8
G5919,8
N3051,1
W4969,2
X6484,2
Y7261,9
R3823,2
J5334,1
R4701,7
J3574,1
D0241,8
X7090,1
E9387,7
E0433,8
L8765,7
G6046,8
S2138,4
Y9413,8
O3980,9
I4832,9
U4586,9
L6170,9
R9044,8
E8838,9
C6266,9
N4826,7
N8819,8
V8963,6
P1254,8
G2743,8
I0701,9
T6233,1
G0757,9
F2558,1
P3018,1
Z1477,1
S0637,8
E8056,7
B9615,8
O5553,8
G5922,7
L3349,4
D0216,9
F3097,9
W0204,9
V1267,8
G1559,4
R9312,1
S9138,7
R5519,8
B0580,9
H4805,2
A3909,9
Q0718,7
S5832,8
M6109,7
D4480,8
R6975,6
P4615,8
M0254,8
F7606,7
I0432,8
V8966,7
J8807,2
U4793,2
U8860,2
L9389,9
A6874,1
L4433,1
O9572,9
Y5701,6
T6527,1
L1654,8
U4245,1
D0370,6
B8294,8
N3659,7
Z5775,2
L9987,2
W5328,2
K1059,9
B2562,8
D4829,9
F9375,1
M8571,8
X2882,7
I5170,8
H9491,8
F2144,9
C9351,9
Y2416,2
O2620,7
W5612,8
H6561,8
Z3163,8
T7069,2
L8440,2
W6606,1
L3029,1
U9445,9
C2295,7
Y5425,9
L6651,8
B0753,9
B5008,2
S8385,7
C5459,9
S2245,7
P9741,8
Y8852,7
F7144,1
I1527,8
C7425,8
D1070,9
I3353,9
K8619,7
T9276,9
K1412,7
R0278,9
E2741,2
O7762,9
I2574,9
D4994,1
L3563,8
E3660,1
T8509,9
M8928,7
T3071,1
P1201,1
W0594,8
D7389,9
J1614,8
Z5868,9
J7779,9
F0320,1
D1650,9
U1498,2
V3796,2
Z8576,8
S7367,9
Q3799,9
G7731,1
H1726,8
M4027,9
W0851,9
Q4705,9
I7837,7
T9724,8
U5775,2
R2312,7
F3188,7
J3301,2
Y6597,8
L2519,9
M7330,9
R4904,1
T0909,9
N2460,8
J2940,2
R6039,8
R3200,1
Q7717,1
B5092,9
I1019,8
E3782,9
L9806,2
Z9763,2
G4450,1
X2459,8
D2764,7
W6077,1
I8189,9
Y4180,7
L7353,8
E9661,9
I8893,2
O9435,8
K1367,8
C0709,8
S6567,9
V9259,9
G8411,9
G1802,8
V5353,2
G5729,9
S4020,1
H6651,9
O4806,8
U0115,7
V3948,8
T2882,8
C5664,4
H0918,1
Y9530,1
Q4132,9
Z5639,9
A9915,1
Z3121,1
H7029,6
L1059,1
L5015,1
L7336,8
X9199,1
B4974,7
H3458,8
U9176,8
V9857,8
B8191,8
O5781,9
O5274,7
B7580,9
P5753,1
S8627,9
Q5431,9
Z6423,2
Q6158,7
A2121,7
R1134,1
C0910,8
O3397,8
D6143,1
N9461,2
O8394,1
X9496,8
J1131,8
E9474,2
S6054,2
C6275,8
H0317,7
K5114,8
X3915,1
T3393,7
H6462,2
G2963,8
O4106,9
W6498,9
T0860,8
J1833,8
H4689,8
J7437,7
C3612,8
Z2061,1
J2981,1
Z7835,9
Q4885,8
W5422,2
K0294,1
V1812,7
N4873,8
C4397,2
T9078,9
L3575,7
W4253,1
L8026,1
H3130,8
T4173,1
W8917,7
P7006,2
W4116,9
Z2179,9
A5281,2
B6370,1
E2096,1
L5579,9
U7748,8
C9970,1
V3585,9
B4609,8
Z6196,8
B7380,2
K2058,9
S7789,9
I7189,1
Q2187,1
V3359,1
M9516,6
F5187,8
W7712,1
F1613,7
S1526,7
G5958,2
I9312,8
V9536,1
L7251,9
R4824,2
Q5069,8
R2480,8
G9920,8
C6837,2
M9969,8
O5751,7
E6474,7
W5860,9
X7198,9
H3581,8
P0113,8
C3209,2
U2745,9
E2199,8
D7928,8
D9898,9
W5950,8
Q7925,9
U7775,2
O5187,7
C7710,7
O9599,1
W1769,8
C2722,8
B7692,7
S8869,9
L4476,2
L8723,9
K5605,8
C8796,9
N0236,1
K3194,8
S3145,7
Q2079,1
D5242,8
L1902,8
K0061,2
J0671,1
N5092,8
I5787,1
U0442,8
A8870,7
B8095,1
E2204,9
K4880,7
P9047,9
Z0994,7
Z6862,8
J3480,6
Y8021,1
W2771,9
C3044,8
Y4971,7
B9550,8
D5091,9
S6887,9
Y0620,8
S8508,8
O4114,8
Z1803,1
A1964,8
E1940,8
H0735,7
U1456,9
C1274,2
J5824,9
Z0259,6
A5626,6
Y2561,8
H3399,7
Y5723,7
O3127,8
N3302,8
V8214,2
A4165,7
D4418,8
A2152,8
C3135,2
B5463,2
J6413,9
D2799,8
A2587,8
B4971,7
Q3647,7
Q4372,9
Z3970,8
D1055,8
X9011,1
S8600,7
W2607,9
O6130,8
H2230,1
H5624,7
R5810,8
N3570,9
Y7093,7
J1999,8
N2322,9
H0644,8
S9579,7
T3788,2
D7719,8
I2215,8
H2794,6
C7870,2
H6741,8
U8204,1
O4490,7
M5849,9
W6302,8
S0688,8
X8430,9
Z1051,9
C8379,8
F5637,8
C1760,9
W5931,9
A4081,9
I5615,2
Q5947,1
T3510,7
U9476,1
K4051,7
E5294,1
H0395,8
W1466,1
P0239,1
B0739,9
Z2260,8
Y3141,9
R3588,8
X2352,1
L4372,8
A3616,8
H5452,8
O2964,6
J2382,1
S9471,8
K1223,8
O7522,9
V4881,2
G2272,8
H5161,4
V5931,1
H4674,9
W7434,8
U4738,9
D6683,8
P7201,9
D8309,8
C9097,7
Z7313,9
L8079,9
Y6938,9
D5343,7
X3491,8
G6507,2
A0224,8
H0824,1
C7823,9
W3034,2
W6260,7
M0831,7
U3471,7
C1863,9
R5549,2
H3268,4
P9094,9
Q6379,2
W7609,8
F5323,7
S5596,9
J2860,8
H1603,2
F4337,7
T4366,9
Q7051,7
X6850,8
D9143,9
T6279,8
C6642,8
Q3507,6
B8764,1
T6963,6
T5858,7
U0441,8
N6035,8
B2006,8
X0075,9
K3187,8
R7038,8
O5759,8
P0734,9
H5210,7
C7160,7
O1379,9
Z3557,1
Y6758,9
A8515,8
L3752,1
K3307,9
B6478,8
X6055,8
R6498,1
O0898,8
V9983,9
U2448,1
Z0238,7
N5707,8
Z2238,8
G8092,9
J0016,6
Z3057,8
B6761,7
Q6669,1
B8791,9
A0992,1
R5028,1
G8393,9
Z7466,2
S2154,1
H0440,6
O4838,8
C9722,1
S2147,9
Y0111,1
G2898,8
L6536,2
J8253,2
Q6748,7
S3024,2
K3451,7
Q6968,1
Q3411,2
O9041,1
L3035,9
V3879,9
X9061,2
U8172,9
Q2128,1
A8287,8
H6061,9
K8910,9
F9840,1
D6634,9
Z2722,9
B4630,9
Q1316,9
L7256,2
M7317,8
A9948,7
W2230,8
N5534,8
E0951,8
F0407,1
X8695,1
L6330,7
D5742,9
H0411,1
M2984,9
G8550,1
H0891,1
J9121,7
L0150,1
Y2122,2
C2939,9
L9760,9
I0775,8
K8098,7
P3681,8
U9779,8
T1183,8
Q1270,8
F3419,2
Q4932,8
Q7792,1
A8961,7
G4370,9
V3373,2
R3463,1
F3906,7
V6601,1
K8294,8
K3318,8
J0865,1
I2721,6
R7266,7
Z6199,8
C8502,8
V3818,9
V7321,7
A5998,8
L3231,9
G1063,9
Z2258,8
Q2168,8
I8282,2
Y3398,7
U5128,2
L4294,7
H5443,2
L5134,1
K0472,9
Z7594,6
G8719,8
P4889,1
W2314,2
K5790,8
Y1209,8
U4933,8
S4376,9
M9195,8
Z5025,8
V5848,1
O8486,7
V6671,1
L2952,2
V3469,7
V6531,1
H8428,1
R8093,8
H8235,7
B7285,2
E4458,8
E4170,9
T0349,9
R9785,2
Z8937,8
F8416,2
S0966,7
G3339,1
T1941,7
I1047,2
N9938,9
G5499,9
K5178,8
R0376,9
G6949,1
K2163,7
T7681,9
O0955,8
F1268,9
D9837,9
V5340,1
D3440,7
D0124,9
Z4475,9
W3658,1
D7857,8
G1881,2
E3313,1
Q2167,9
V8121,9
T7765,9
P8450,8
C7755,1
T1603,1
U4865,7
X3344,7
F2557,8
P8340,8
B3752,8
F7639,8
B3942,8
Y0106,2
G5490,9
B7639,8
D8570,6
N7543,1
D5653,2
W1980,8
C7915,9
P9212,2
J0646,9
K0765,9
X4495,8
Q6103,2
X5397,9
J8280,8
K0458,8
A0129,8
O4299,8
I5144,8
R9701,9
I5778,8
O5180,7
I0047,9
I0854,7
T6986,7
U1169,1
O6328,9
V8635,8
X9990,7
U7458,2
D1743,9
P2867,1
Y9473,2
F0408,7
Z0438,2
I8829,9
Z8497,1
Y4466,8
Y3868,9
P7260,1
Q2034,8
Q2609,2
T1008,1
H2872,8
B9197,9
I6708,1
I7857,9
L7829,7
G9873,9
V6434,9
Q2970,9
B1290,9
P8950,1
U5566,8
V7541,9
Y8119,8
Q0713,9
O0105,4
P4529,9
A2160,9
H0968,2
U1085,9
N6384,9
J0422,1
J9659,2
U0375,7
Z3444,7
H8968,9
I8474,8
B2697,8
M5660,7
A7383,7
J2747,8
O5749,9
F8419,8
F1143,8
D6575,1
A9063,2
X2244,9
B9815,7
S6750,7
O7025,7
N1768,7
V7078,1
D6858,9
L5766,1
W9546,9
W4564,9
W9141,2
R8259,8
Y9910,9
O8539,7
Q3903,1
E3803,2
G1917,1
P3777,8
C2942,8
P2042,8
G7525,6
D0658,9
E0347,7
Z3399,9
Q3889,1
L9771,1
Y8236,9
C4449,7
D1629,9
E9294,1
G4975,6
A0377,2
Z3058,8
Z0035,8
Z3973,8
Z5321,9
N1642,2
S5993,1
U6198,9
Y4703,8
X9835,9
T8109,9
C6936,7
P5459,7
M5377,9
T2376,2
Q6687,9
V7977,1
I8119,8
N7152,7
I6286,8
A8838,7
H7832,1
M5475,9
B7161,1
O4245,7
T5736,2
E0776,9
V3888,7
B7194,8
H2028,7
K9965,1
N4776,8
T1179,7
V7865,1
N5832,1
Q1300,1
E5503,1
B3363,9
P3252,8
Z3931,8
W6248,1
F5383,9
O5113,8
O4041,9
Z6699,2
S5147,8
H6102,8
A9833,2
G0697,7
I1329,8
X8345,2
K2059,2
D9790,9
U4704,1
M7192,7
R7884,8
H1078,8
G8506,9
V9681,9
D3387,2
X5212,2
D3926,8
V9613,8
Y3160,8
W2440,9
G4681,8
M4051,9
H7446,9
M8224,8
E3675,1
R7713,8
S5325,8
P0350,8
H6087,8
Q8082,8
T5275,8
Q2994,2
T7336,9
H6674,7
C0781,1
X6658,8
R3756,9
O8810,8
E8606,7
N0638,2
J3133,1
O1787,7
C4947,2
F9334,8
G7446,9
E0004,7
V6994,9
M6327,9
S8431,7
X2204,9
K6885,8
Q4269,7
X8436,1
R6718,4
N0016,9
P2804,8
Y5529,6
Z5220,9
J3365,9
F5916,7
B6066,8
T7246,8
C7990,9
P4844,7
R1872,8
Z0639,1
D9480,8
S6159,9
T4911,9
E3065,9
B7819,1
B7904,7
N3846,1
Z3827,1
U6615,8
V2309,8
H9677,7
D5145,8
Z0673,8
T2967,2
X6749,8
Y2606,2
R3116,8
I7373,7
R0328,2
T6402,2
M6307,8
P9860,8
A7388,8
O3803,1
W9053,7
F6299,8
N6269,1
Y9974,1
A3319,8
U2805,2
K9759,8
J7254,1
H2489,7
C6178,7
E6200,1
E9251,9
A2620,9
E0273,9
F9715,2
X5018,8
X4794,9
D2500,1
B0354,9
Q6880,2
R2293,1
A1418,8
P6432,7
I4357,9
Z2124,9
S3732,1
A0721,8
H9856,8
L8869,1
G8611,9
D9799,7
H8184,1
P1918,9
B5788,2
Q7188,7
L8296,8
B9200,9
K8003,2
P3037,9
S4579,1
Y0080,9
K7464,1
G3056,9
D9536,8
H4764,9
I7756,7
M2286,9
H2934,9
P8972,8
T5909,2
A9170,7
Z5739,8
B2149,1
U3964,1
J4040,7
T4902,9
N3265,9
F4738,1
Y1588,7
N2658,8
N0534,2
M4478,8
M7507,8
Q3114,8
N8471,9
K5307,9
M9657,9
M3179,8
Q0784,1
J3933,1
P3237,8
A7759,6
Z2181,9
R4475,1
Q0218,9
R3012,2
I2283,8
Z9007,9
G1427,6
A5274,2
S1293,1
B8592,8
E6673,9
U5271,1
T4680,9
J4614,7
D0236,2
M8425,1
X0705,2
I0116,8
V2773,9
Z0456,7
E1281,8
L5478,2
B2473,8
I7357,8
J9106,7
U4060,9
L1375,8
T9737,8
R1077,1
H8982,8
Q1318,8
G2837,1
X5621,8
K0776,9
W5053,9
Y2116,6
H7939,9
J5643,9
C9954,8
Z1779,1
W5057,8
I2142,7
E0081,1
N7812,7
Y4644,8
U0632,8
I4715,7
B5072,9
B6726,8
W9953,9
L3641,1
K9727,2
C0175,1
C1897,9
T4073,1
P9439,9
K4369,1
O6710,9
E0178,8
P4161,8
A7651,8
R6111,8
R6684,8
Q3556,2
X3274,7
G0345,6
Q4362,6
O5957,9
D0054,9
B1545,7
Q1820,6
G6503,9
Q3769,7
J0687,2
T4346,8
O5827,9
X6906,9
W7345,9
Z3267,1
Q4027,9
G6669,2
H6568,8
P5527,8
N0676,7
A2389,1
Q3493,1
R0135,9
X7725,9
P8984,1
P2102,8
U6790,7
S5237,9
K6927,8
L4446,8
Y6678,9
U4753,7
U2423,2
A3808,7
R2678,1
W5687,8
A0477,8
J2708,7
L5022,9
M1452,7
X1928,9
S0362,1
J6943,9
O8180,6
U8660,7
W1856,9
X6229,2
V2138,8
E4943,7
T3843,9
H4154,1
W3366,9
V5745,9
K5837,8
Y6900,8
E2749,1
J7209,8
V8065,8
T5724,2
W7306,7
S2538,9
V2002,7
Z6382,8
D1460,2
M5950,1
G4057,4
J0308,8
V3834,7
Q5738,1
C1359,7
A1408,9
E5298,2
M7423,8
B0368,7
Y3941,9
J6043,6
N5856,8
Q3003,8
F2511,7
I3672,8
H1118,8
I5653,2
U1230,8
Y7015,8
F8803,1
U9090,8
L8066,1
M6325,2
G8323,1
K1616,8
S4613,9
Z7537,7
J2927,8
K1308,1
I9527,6
I5405,7
N2833,1
O2654,8
F1680,8
W7305,9
X3650,7
P3355,9
I8693,8
A6910,9
S3900,8
P6687,8
K6166,7
V9951,1
I0627,2
I4499,1
J1335,2
O1476,8
J0991,9
H1611,7
R8883,9
O2666,8
N7460,1
M5093,9
F8486,9
I6392,2
H7585,9
N4357,9
E5942,7
K3016,9
U1182,2
W7932,2
H7991,8
Z0335,9
U5251,2
Z5292,2
D6314,8
B2737,8
M1912,2
K5144,2
I5852,2
F3805,2
S9211,9
F0621,7
A5634,2
U9160,1
R7222,8
D6282,8
P6086,9
F8307,1
U4196,9
V7873,6
N6107,7
O3869,7
Y8371,7
N3229,9
I3891,9
R1850,8
D7509,7
R4624,7
N8258,7
U8628,9
Z7372,7
K3165,1
Q5956,1
U9681,7
M0005,8
V7766,1
Q9694,7
H2502,4
V8101,7
H3571,9
R4716,1
H5098,8
F5218,8
K9385,1
K7532,1
F0470,9
E8825,7
K6970,1
N0668,1
V5657,7
V5416,9
D5881,8
K0220,8
B7182,9
V3019,9
V9944,8
D9680,9
H2559,9
G6884,9
C1556,1
T4897,9
C5467,1
Z8725,7
X6210,8
N9823,9
Y6926,9
D2778,8
U6630,9
P8593,2
D3949,1
I9693,1
Q7132,4
H9003,8
Q0245,1
Q6632,9
B4251,2
U7161,8
F2723,7
Y8492,7
V9048,2
W8921,8
O3010,1
J0884,2
K2064,9
I8342,1
A6324,9
K2554,7
W9896,8
J9249,1
O2825,9
Q2828,1
M3595,9
B0448,9
F9201,9
I8437,7
K1720,1
A6722,1
Z9554,8
J1365,9
K9417,7
G3174,2
P3519,8
I9519,2
X5690,2
X6715,1
B6739,8
Q6285,8
N9861,1
W9941,7
C4501,2
F0865,9
Z2157,7
W3761,1
X5915,8
N0636,1
V0078,2
J1308,8
W3991,9
F1312,9
D1457,8
O3708,1
F7941,8
T8761,1
A1289,1
L2804,2
W7296,6
T2765,8
O6921,1
W3552,9
G1162,9
B3264,8
X0805,2
Z4377,8
R1269,8
N8344,2
R2764,1
R9795,7
W5400,1
W1472,9
O4005,4
O1903,8
Q7929,8
X7821,8
E8427,7
O0928,7
A7149,8
V0568,7
L3958,1
P1002,9
Y7595,7
K9866,9
L9111,2
Y9199,8
S7063,8
I2647,2
V2557,8
P4418,8
P9300,9
R0488,7
Z8116,8
V2447,7
A8251,7
F8755,8
Y5555,1
B2143,8
W9903,2
F3759,9
H7875,8
S9755,7
R8520,8
H4523,7
I5515,9
K1711,2
X9946,8
U0634,8
U4034,8
T3771,8
D4346,7
Z0255,7
V1563,1
E3383,9
B8750,7
M8756,7
D3907,8
B8149,8
R5679,8
G9914,7
G6357,1
S5878,8
C7285,1
D1823,9
Y8822,1
T4991,7
Q8037,7
M8512,8
O9635,9
N9663,8
P5195,8
C7320,9
E6557,2
J3891,1
B5282,8
T6813,1
S7095,9
E6455,7
W4402,8
G9968,1
J0887,8
K7548,2
N0225,8
E1369,9
F0010,8
H4485,2
M2211,7
G5285,1
H0508,1
O8852,8
G7010,4
Y1880,8
U4358,8
E1839,7
U5098,8
Z0860,9
C2875,7
H3936,1
N4299,1
K7027,9
T4639,1
Z1546,9
L7996,7
J8010,8
Y9527,8
H2462,9
B9631,2
R7610,7
I4442,8
Q6011,8
Q6155,9
H9418,8
R1732,9
J7402,8
R8724,1
U6041,1
C7129,9
H7011,8
M2828,2
J2398,8
F2353,9
V6359,8
S3387,1
Q1251,8
K7316,7
R4308,7
S6703,8
G6760,7
P7903,7
Y3441,1
A1821,9
O6431,8
P8613,1
